Line_ID,Document_ID,Posting_Date,Company_Code,GL_Account,Cost_Center,Debit,Credit,Currency,Document_Type,Description,Prepared_By,Approved_By
1,DOC00001,2026-02-02,DE01,110000,CC200,11028.07,0.0,EUR,DR,Customer sale,USR005,USR003
2,DOC00001,2026-02-02,DE01,400000,CC200,0.0,11028.07,EUR,DR,Customer sale,USR005,USR003
3,DOC00002,2026-03-15,DE01,110000,CC200,24393.0,0.0,EUR,DR,Customer sale,USR001,USR005
4,DOC00002,2026-03-15,DE01,400000,CC200,0.0,24393.0,EUR,DR,Customer sale,USR001,USR005
5,DOC00003,2026-07-07,DE01,110000,CC200,11314.61,0.0,EUR,DR,Customer sale,USR001,USR004
6,DOC00003,2026-07-07,DE01,400000,CC200,0.0,11314.61,EUR,DR,Customer sale,USR001,USR004
7,DOC00004,2026-10-13,DE01,500000,CC300,20586.76,0.0,EUR,KR,Vendor expense,USR004,USR003
8,DOC00004,2026-10-13,DE01,200000,,0.0,20586.76,EUR,KR,Vendor expense,USR004,USR003
9,DOC00005,2026-07-22,DE01,110000,CC200,1689.05,0.0,EUR,DR,Customer sale,USR006,USR005
10,DOC00005,2026-07-22,DE01,400000,CC200,0.0,1689.05,EUR,DR,Customer sale,USR006,USR005
11,DOC00006,2026-08-19,DE01,110000,CC200,8927.7,0.0,EUR,DR,Customer sale,USR001,USR006
12,DOC00006,2026-08-19,DE01,400000,CC200,0.0,8927.7,EUR,DR,Customer sale,USR001,USR006
13,DOC00007,2026-11-22,DE01,500000,CC300,4946.5,0.0,EUR,KR,Vendor expense,USR003,USR004
14,DOC00007,2026-11-22,DE01,200000,,0.0,4946.5,EUR,KR,Vendor expense,USR003,USR004
15,DOC00008,2026-09-29,DE01,660000,CC600,18644.58,0.0,EUR,KR,Vendor expense,USR005,USR002
16,DOC00008,2026-09-29,DE01,200000,,0.0,18644.58,EUR,KR,Vendor expense,USR005,USR002
17,DOC00009,2026-05-16,DE01,500000,CC300,11791.94,0.0,EUR,KR,Vendor expense,USR005,USR001
18,DOC00009,2026-05-16,DE01,200000,,0.0,11791.94,EUR,KR,Vendor expense,USR005,USR001
19,DOC00010,2026-05-01,DE01,110000,CC200,16778.37,0.0,EUR,DR,Customer sale,USR002,USR006
20,DOC00010,2026-05-01,DE01,400000,CC200,0.0,16778.37,EUR,DR,Customer sale,USR002,USR006
21,DOC00011,2026-08-18,DE01,110000,CC200,7877.93,0.0,EUR,DR,Customer sale,USR005,USR004
22,DOC00011,2026-08-18,DE01,400000,CC200,0.0,7877.93,EUR,DR,Customer sale,USR005,USR004
23,DOC00012,2026-11-04,DE01,650000,CC500,7279.37,0.0,EUR,KR,Vendor expense,USR003,USR002
24,DOC00012,2026-11-04,DE01,200000,,0.0,7279.37,EUR,KR,Vendor expense,USR003,USR002
25,DOC00013,2026-03-14,DE01,110000,CC200,283.32,0.0,EUR,DR,Customer sale,USR005,USR004
26,DOC00013,2026-03-14,DE01,400000,CC200,0.0,283.32,EUR,DR,Customer sale,USR005,USR004
27,DOC00014,2026-08-31,DE01,640000,CC400,19540.15,0.0,EUR,KR,Vendor expense,USR004,USR003
28,DOC00014,2026-08-31,DE01,200000,,0.0,19540.15,EUR,KR,Vendor expense,USR004,USR003
29,DOC00015,2026-03-31,DE01,500000,CC300,16743.23,0.0,EUR,KR,Vendor expense,USR001,USR005
30,DOC00015,2026-03-31,DE01,200000,,0.0,16743.23,EUR,KR,Vendor expense,USR001,USR005
31,DOC00016,2026-10-07,DE01,640000,CC100,15904.49,0.0,EUR,KR,Vendor expense,USR004,USR003
32,DOC00016,2026-10-07,DE01,200000,,0.0,15904.49,EUR,KR,Vendor expense,USR004,USR003
33,DOC00017,2026-08-09,DE01,660000,CC200,10974.26,0.0,EUR,KR,Vendor expense,USR001,USR006
34,DOC00017,2026-08-09,DE01,200000,,0.0,10974.26,EUR,KR,Vendor expense,USR001,USR006
35,DOC00018,2026-11-08,DE01,610000,CC600,5925.09,0.0,EUR,KR,Vendor expense,USR005,USR001
36,DOC00018,2026-11-08,DE01,200000,,0.0,5925.09,EUR,KR,Vendor expense,USR005,USR001
37,DOC00019,2026-06-08,DE01,110000,CC200,13970.1,0.0,EUR,DR,Customer sale,USR004,USR003
38,DOC00019,2026-06-08,DE01,999999,CC200,0.0,13970.1,EUR,DR,Customer sale,USR004,USR003
39,DOC00020,2026-05-30,DE01,500000,CC200,20369.11,0.0,EUR,KR,Vendor expense,USR003,USR002
40,DOC00020,2026-05-30,DE01,200000,,0.0,20369.11,EUR,KR,Vendor expense,USR003,USR002
41,DOC00021,2026-02-02,DE01,500000,CC500,18086.75,0.0,EUR,KR,Vendor expense,USR005,USR003
42,DOC00021,2026-02-02,DE01,200000,,0.0,18086.75,EUR,KR,Vendor expense,USR005,USR003
43,DOC00022,2026-12-09,DE01,610000,CC300,17438.38,0.0,EUR,KR,Vendor expense,USR001,USR004
44,DOC00022,2026-12-09,DE01,200000,,0.0,17438.38,EUR,KR,Vendor expense,USR001,USR004
45,DOC00023,2026-04-21,DE01,500000,CC600,15794.04,0.0,EUR,KR,Vendor expense,USR004,USR002
46,DOC00023,2026-04-21,DE01,200000,,0.0,15794.04,EUR,KR,Vendor expense,USR004,USR002
47,DOC00024,2026-05-04,DE01,650000,CC500,22723.66,0.0,EUR,KR,Vendor expense,USR006,USR003
48,DOC00024,2026-05-04,DE01,200000,,0.0,22723.66,EUR,KR,Vendor expense,USR006,USR003
49,DOC00025,2026-12-20,DE01,620000,CC500,19490.9,0.0,EUR,KR,Vendor expense,USR002,USR005
50,DOC00025,2026-12-20,DE01,200000,,0.0,19490.9,EUR,KR,Vendor expense,USR002,USR005
51,DOC00026,2026-01-29,DE01,650000,CC300,22574.8,0.0,EUR,KR,Vendor expense,USR001,USR002
52,DOC00026,2026-01-29,DE01,200000,,0.0,22574.8,EUR,KR,Vendor expense,USR001,USR002
53,DOC00027,2026-04-22,DE01,110000,CC200,14522.57,0.0,EUR,DR,Customer sale,USR004,USR001
54,DOC00027,2026-04-22,DE01,400000,CC200,0.0,14522.57,EUR,DR,Customer sale,USR004,USR001
55,DOC00028,2026-11-09,DE01,640000,CC200,18014.63,0.0,EUR,KR,Vendor expense,USR004,USR003
56,DOC00028,2026-11-09,DE01,200000,,0.0,18014.63,EUR,KR,Vendor expense,USR004,USR003
57,DOC00029,2026-02-04,DE01,610000,CC300,2202.66,0.0,EUR,KR,Vendor expense,USR004,USR005
58,DOC00029,2026-02-04,DE01,200000,,0.0,2202.66,EUR,KR,Vendor expense,USR004,USR005
59,DOC00030,2026-06-30,DE01,500000,CC500,8313.54,0.0,EUR,KR,Vendor expense,USR004,USR001
60,DOC00030,2026-06-30,DE01,200000,,0.0,8313.54,EUR,KR,Vendor expense,USR004,USR001
61,DOC00031,2026-10-17,DE01,640000,CC400,23135.49,0.0,EUR,KR,Vendor expense,USR002,USR006
62,DOC00031,2026-10-17,DE01,200000,,0.0,23135.49,EUR,KR,Vendor expense,USR002,USR006
63,DOC00032,2026-08-04,DE01,110000,CC200,667.82,0.0,EUR,DR,Customer sale,USR001,USR006
64,DOC00032,2026-08-04,DE01,400000,CC200,0.0,667.82,EUR,DR,Customer sale,USR001,USR006
65,DOC00033,2026-06-26,DE01,110000,CC200,2159.98,0.0,EUR,DR,Customer sale,USR002,USR004
66,DOC00033,2026-06-26,DE01,400000,CC200,0.0,2159.98,EUR,DR,Customer sale,USR002,USR004
67,DOC00034,2026-06-29,DE01,610000,CC500,14336.03,0.0,EUR,KR,Vendor expense,USR004,USR003
68,DOC00034,2026-06-29,DE01,200000,,0.0,14336.03,EUR,KR,Vendor expense,USR004,USR003
69,DOC00035,2026-07-18,DE01,110000,CC200,11028.9,0.0,EUR,DR,Customer sale,USR004,USR002
70,DOC00035,2026-07-18,DE01,400000,CC200,0.0,11028.9,EUR,DR,Customer sale,USR004,USR002
71,DOC00036,2026-01-04,DE01,640000,CC400,3592.2,0.0,EUR,KR,Vendor expense,USR006,USR002
72,DOC00036,2026-01-04,DE01,200000,,0.0,3592.2,EUR,KR,Vendor expense,USR006,USR002
73,DOC00037,2026-09-03,DE01,110000,CC200,7102.72,0.0,EUR,DR,Customer sale,USR002,USR005
74,DOC00037,2026-09-03,DE01,400000,CC200,0.0,7102.72,EUR,DR,Customer sale,USR002,USR005
75,DOC00038,2026-09-23,DE01,610000,CC600,2782.75,0.0,EUR,KR,Vendor expense,USR004,USR004
76,DOC00038,2026-09-23,DE01,200000,,0.0,2782.75,EUR,KR,Vendor expense,USR004,USR004
77,DOC00039,2026-02-21,DE01,110000,CC200,9335.96,0.0,EUR,DR,Customer sale,USR004,USR002
78,DOC00039,2026-02-21,DE01,400000,CC200,0.0,9335.96,EUR,DR,Customer sale,USR004,USR002
79,DOC00040,2026-12-18,DE01,660000,CC200,23827.19,0.0,EUR,KR,Vendor expense,USR002,USR005
80,DOC00040,2026-12-18,DE01,200000,,0.0,23827.19,EUR,KR,Vendor expense,USR002,USR005
81,DOC00041,2026-04-04,DE01,500000,CC400,23407.48,0.0,EUR,KR,Vendor expense,USR002,USR001
82,DOC00041,2026-04-04,DE01,200000,,0.0,23407.48,EUR,KR,Vendor expense,USR002,USR001
83,DOC00042,2026-12-20,DE01,110000,CC200,22302.76,0.0,EUR,DR,Customer sale,USR006,USR001
84,DOC00042,2026-12-20,DE01,400000,CC200,0.0,22302.76,EUR,DR,Customer sale,USR006,USR001
85,DOC00043,2026-03-23,DE01,110000,CC200,13019.57,0.0,EUR,DR,Customer sale,USR006,USR003
86,DOC00043,2026-03-23,DE01,400000,CC200,0.0,13019.57,EUR,DR,Customer sale,USR006,USR003
87,DOC00044,2026-05-03,DE01,110000,CC200,9404.08,0.0,EUR,DR,Customer sale,USR004,USR006
88,DOC00044,2026-05-03,DE01,400000,CC200,0.0,9404.08,EUR,DR,Customer sale,USR004,USR006
89,DOC00045,2026-05-19,DE01,500000,CC200,23426.65,0.0,EUR,KR,Vendor expense,USR002,USR006
90,DOC00045,2026-05-19,DE01,200000,,0.0,23426.65,EUR,KR,Vendor expense,USR002,USR006
91,DOC00046,2026-10-31,DE01,110000,CC200,3916.78,0.0,EUR,DR,Customer sale,USR005,USR001
92,DOC00046,2026-10-31,DE01,400000,CC200,0.0,3916.78,EUR,DR,Customer sale,USR005,USR001
93,DOC00047,2026-08-07,DE01,110000,CC200,4991.22,0.0,EUR,DR,Customer sale,USR002,USR003
94,DOC00047,2026-08-07,DE01,400000,CC200,0.0,4991.22,EUR,DR,Customer sale,USR002,USR003
95,DOC00048,2026-10-11,DE01,500000,CC600,12568.46,0.0,EUR,KR,Vendor expense,USR003,USR001
96,DOC00048,2026-10-11,DE01,200000,,0.0,12568.46,EUR,KR,Vendor expense,USR003,USR001
97,DOC00049,2026-04-12,DE01,660000,CC100,16973.7,0.0,EUR,KR,Vendor expense,USR001,USR006
98,DOC00049,2026-04-12,DE01,200000,,0.0,16973.7,EUR,KR,Vendor expense,USR001,USR006
99,DOC00050,2026-09-11,DE01,110000,CC200,14569.8,0.0,EUR,DR,Customer sale,USR003,USR001
100,DOC00050,2026-09-11,DE01,400000,CC200,0.0,14569.8,EUR,DR,Customer sale,USR003,USR001
101,DOC00051,2026-10-21,DE01,110000,CC200,18500.7,0.0,EUR,DR,Customer sale,USR005,USR001
102,DOC00051,2026-10-21,DE01,400000,CC200,0.0,18500.7,EUR,DR,Customer sale,USR005,USR001
103,DOC00052,2026-02-15,DE01,110000,CC200,9999.7,0.0,EUR,DR,Customer sale,USR006,USR002
104,DOC00052,2026-02-15,DE01,400000,CC200,0.0,9999.7,EUR,DR,Customer sale,USR006,USR002
105,DOC00053,2026-06-28,DE01,660000,CC600,23895.02,0.0,EUR,KR,Vendor expense,USR004,USR002
106,DOC00053,2026-06-28,DE01,200000,,0.0,23895.02,EUR,KR,Vendor expense,USR004,USR002
107,DOC00054,2026-08-06,DE01,650000,CC100,15885.98,0.0,EUR,KR,Vendor expense,USR004,USR006
108,DOC00054,2026-08-06,DE01,200000,,0.0,15885.98,EUR,KR,Vendor expense,USR004,USR006
109,DOC00055,2026-06-02,DE01,110000,CC200,24159.17,0.0,EUR,DR,Customer sale,USR001,USR004
110,DOC00055,2026-06-02,DE01,400000,CC200,0.0,24159.17,EUR,DR,Customer sale,USR001,USR004
111,DOC00056,2026-12-07,DE01,500000,CC600,11737.8,0.0,EUR,KR,Vendor expense,USR004,USR005
112,DOC00056,2026-12-07,DE01,200000,,0.0,11737.8,EUR,KR,Vendor expense,USR004,USR005
113,DOC00057,2026-04-16,DE01,650000,CC200,19940.75,0.0,EUR,KR,Vendor expense,USR005,USR003
114,DOC00057,2026-04-16,DE01,200000,,0.0,19940.75,EUR,KR,Vendor expense,USR005,USR003
115,DOC00058,2026-08-10,DE01,620000,CC200,21706.7,0.0,EUR,KR,Vendor expense,USR005,USR004
116,DOC00058,2026-08-10,DE01,200000,,0.0,21706.7,EUR,KR,Vendor expense,USR005,USR004
117,DOC00059,2026-12-05,DE01,640000,CC600,16333.08,0.0,EUR,KR,Vendor expense,USR003,USR006
118,DOC00059,2026-12-05,DE01,200000,,0.0,16333.08,EUR,KR,Vendor expense,USR003,USR006
119,DOC00060,2026-04-01,DE01,650000,CC600,5992.89,0.0,EUR,KR,Vendor expense,USR006,USR004
120,DOC00060,2026-04-01,DE01,200000,,0.0,5992.89,EUR,KR,Vendor expense,USR006,USR004
121,DOC00061,2026-11-18,DE01,110000,CC200,14901.4,0.0,EUR,DR,Customer sale,USR001,USR003
122,DOC00061,2026-11-18,DE01,400000,CC200,0.0,14901.4,EUR,DR,Customer sale,USR001,USR003
123,DOC00062,2026-04-27,DE01,500000,CC600,3682.41,0.0,EUR,KR,Vendor expense,USR002,USR006
124,DOC00062,2026-04-27,DE01,200000,,0.0,3682.41,EUR,KR,Vendor expense,USR002,USR006
125,DOC00063,2026-04-14,DE01,500000,CC400,3924.97,0.0,EUR,KR,Vendor expense,USR003,USR001
126,DOC00063,2026-04-14,DE01,200000,,0.0,3924.97,EUR,KR,Vendor expense,USR003,USR001
127,DOC00064,2026-03-13,DE01,110000,CC200,1429.21,0.0,EUR,DR,Customer sale,USR002,USR004
128,DOC00064,2026-03-13,DE01,400000,CC200,0.0,1429.21,EUR,DR,Customer sale,USR002,USR004
129,DOC00065,2026-10-21,DE01,110000,CC200,8017.98,0.0,EUR,DR,Customer sale,USR003,USR006
130,DOC00065,2026-10-21,DE01,400000,CC200,0.0,8017.98,EUR,DR,Customer sale,USR003,USR006
131,DOC00066,2026-10-17,DE01,610000,CC200,1182.53,0.0,EUR,KR,Vendor expense,USR006,USR003
132,DOC00066,2026-10-17,DE01,200000,,0.0,1182.53,EUR,KR,Vendor expense,USR006,USR003
133,DOC00067,2026-04-02,DE01,500000,CC200,14323.69,0.0,EUR,KR,Vendor expense,USR006,USR003
134,DOC00067,2026-04-02,DE01,200000,,0.0,14448.69,EUR,KR,Vendor expense,USR006,USR003
135,DOC00068,2026-12-04,DE01,620000,CC600,2631.63,0.0,EUR,KR,Vendor expense,USR004,USR001
136,DOC00068,2026-12-04,DE01,200000,,0.0,2631.63,EUR,KR,Vendor expense,USR004,USR001
137,DOC00069,2026-12-04,DE01,110000,CC200,2567.92,0.0,EUR,DR,Customer sale,USR006,USR005
138,DOC00069,2026-12-04,DE01,400000,CC200,0.0,2567.92,EUR,DR,Customer sale,USR006,USR005
139,DOC00070,2026-11-26,DE01,110000,CC200,20070.44,0.0,EUR,DR,Customer sale,USR004,USR005
140,DOC00070,2026-11-26,DE01,400000,CC200,0.0,20070.44,EUR,DR,Customer sale,USR004,USR005
141,DOC00071,2026-08-23,DE01,110000,CC200,3450.35,0.0,EUR,DR,Customer sale,USR005,USR003
142,DOC00071,2026-08-23,DE01,400000,CC200,0.0,3575.35,EUR,DR,Customer sale,USR005,USR003
143,DOC00072,2026-07-07,DE01,640000,CC500,11623.7,0.0,EUR,KR,Vendor expense,USR005,USR002
144,DOC00072,2026-07-07,DE01,200000,,0.0,11623.7,EUR,KR,Vendor expense,USR005,USR002
145,DOC00073,2026-01-23,DE01,620000,CC300,11999.14,0.0,EUR,KR,Vendor expense,USR001,USR002
146,DOC00073,2026-01-23,DE01,200000,,0.0,11999.14,EUR,KR,Vendor expense,USR001,USR002
147,DOC00074,2026-05-15,DE01,110000,CC200,9223.17,0.0,EUR,DR,Customer sale,USR005,USR002
148,DOC00074,2026-05-15,DE01,400000,CC200,0.0,9223.17,EUR,DR,Customer sale,USR005,USR002
149,DOC00075,2026-05-19,DE01,660000,CC500,7492.22,0.0,EUR,KR,Vendor expense,USR005,USR006
150,DOC00075,2026-05-19,DE01,200000,,0.0,7492.22,EUR,KR,Vendor expense,USR005,USR006
151,DOC00076,2026-10-09,DE01,110000,CC200,13432.33,0.0,EUR,DR,Customer sale,USR002,USR006
152,DOC00076,2026-10-09,DE01,400000,CC200,0.0,13432.33,EUR,DR,Customer sale,USR002,USR006
153,DOC00077,2026-03-15,DE01,610000,CC400,13364.78,0.0,EUR,KR,Vendor expense,USR005,USR004
154,DOC00077,2026-03-15,DE01,200000,,0.0,13364.78,EUR,KR,Vendor expense,USR005,USR004
155,DOC00078,2026-09-26,DE01,660000,CC400,5139.87,0.0,EUR,KR,Vendor expense,USR004,USR005
156,DOC00078,2026-09-26,DE01,200000,,0.0,5139.87,EUR,KR,Vendor expense,USR004,USR005
157,DOC00079,2026-12-14,DE01,640000,CC500,2467.88,0.0,EUR,KR,Vendor expense,USR004,USR005
158,DOC00079,2026-12-14,DE01,200000,,0.0,2467.88,EUR,KR,Vendor expense,USR004,USR005
159,DOC00080,2026-12-08,DE01,650000,CC200,3521.46,0.0,EUR,KR,Vendor expense,USR006,USR005
160,DOC00080,2026-12-08,DE01,200000,,0.0,3521.46,EUR,KR,Vendor expense,USR006,USR005
161,DOC00081,2026-06-12,DE01,650000,CC600,19898.36,0.0,EUR,KR,Vendor expense,USR005,USR006
162,DOC00081,2026-06-12,DE01,200000,,0.0,19898.36,EUR,KR,Vendor expense,USR005,USR006
163,DOC00082,2026-08-04,DE01,610000,CC200,2466.73,0.0,EUR,KR,Vendor expense,USR004,USR005
164,DOC00082,2026-08-04,DE01,200000,,0.0,2466.73,EUR,KR,Vendor expense,USR004,USR005
165,DOC00083,2026-01-03,DE01,110000,CC200,11703.03,0.0,EUR,DR,Customer sale,USR004,USR005
166,DOC00083,2026-01-03,DE01,400000,CC200,0.0,11703.03,EUR,DR,Customer sale,USR004,USR005
167,DOC00084,2026-12-02,DE01,110000,CC200,12354.62,0.0,EUR,DR,Customer sale,USR005,USR002
168,DOC00084,2026-12-02,DE01,400000,CC200,0.0,12354.62,EUR,DR,Customer sale,USR005,USR002
169,DOC00085,2026-11-05,DE01,110000,CC200,3015.88,0.0,EUR,DR,Customer sale,USR001,USR005
170,DOC00085,2026-11-05,DE01,400000,CC200,0.0,3015.88,EUR,DR,Customer sale,USR001,USR005
171,DOC00086,2026-09-24,DE01,650000,CC500,19380.6,0.0,EUR,KR,Vendor expense,USR003,USR002
172,DOC00086,2026-09-24,DE01,200000,,0.0,19380.6,EUR,KR,Vendor expense,USR003,USR002
173,DOC00087,2026-11-24,DE01,620000,CC500,19087.05,0.0,EUR,KR,Vendor expense,USR004,USR002
174,DOC00087,2026-11-24,DE01,200000,,0.0,19087.05,EUR,KR,Vendor expense,USR004,USR002
175,DOC00088,2026-04-25,DE01,650000,CC600,3779.81,0.0,EUR,KR,Vendor expense,USR001,USR002
176,DOC00088,2026-04-25,DE01,200000,,0.0,3779.81,EUR,KR,Vendor expense,USR001,USR002
177,DOC00089,2026-05-20,DE01,110000,CC200,18269.17,0.0,EUR,DR,Customer sale,USR002,USR004
178,DOC00089,2026-05-20,DE01,400000,CC200,0.0,18269.17,EUR,DR,Customer sale,USR002,USR004
179,DOC00090,2026-12-08,DE01,110000,CC200,12036.3,0.0,EUR,DR,Customer sale,USR001,USR003
180,DOC00090,2026-12-08,DE01,400000,CC200,0.0,12036.3,EUR,DR,Customer sale,USR001,USR003
181,DOC00091,2026-12-27,DE01,660000,CC200,23784.75,0.0,EUR,KR,Vendor expense,USR003,USR001
182,DOC00091,2026-12-27,DE01,200000,,0.0,23784.75,EUR,KR,Vendor expense,USR003,USR001
183,DOC00092,2026-02-14,DE01,500000,CC500,14747.62,0.0,EUR,KR,Vendor expense,USR001,USR002
184,DOC00092,2026-02-14,DE01,200000,,0.0,14747.62,EUR,KR,Vendor expense,USR001,USR002
185,DOC00093,2026-06-15,DE01,620000,CC600,20652.45,0.0,EUR,KR,Vendor expense,USR003,USR002
186,DOC00093,2026-06-15,DE01,200000,,0.0,20652.45,EUR,KR,Vendor expense,USR003,USR002
187,DOC00094,2026-01-05,DE01,620000,CC500,22969.2,0.0,EUR,KR,Vendor expense,USR002,USR005
188,DOC00094,2026-01-05,DE01,200000,,0.0,22969.2,EUR,KR,Vendor expense,USR002,USR005
189,DOC00095,2026-12-30,DE01,660000,CC500,21992.08,0.0,EUR,KR,Vendor expense,USR005,USR002
190,DOC00095,2026-12-30,DE01,200000,,0.0,21992.08,EUR,KR,Vendor expense,USR005,USR002
191,DOC00096,2026-08-31,DE01,650000,CC400,16675.55,0.0,EUR,KR,Vendor expense,USR006,USR001
192,DOC00096,2026-08-31,DE01,200000,,0.0,16675.55,EUR,KR,Vendor expense,USR006,USR001
193,DOC00097,2026-11-24,DE01,110000,CC200,822.09,0.0,EUR,DR,Customer sale,USR002,USR003
194,DOC00097,2026-11-24,DE01,400000,CC200,0.0,822.09,EUR,DR,Customer sale,USR002,USR003
195,DOC00098,2026-02-22,DE01,640000,,5035.29,0.0,EUR,KR,Vendor expense,USR001,USR006
196,DOC00098,2026-02-22,DE01,200000,,0.0,5035.29,EUR,KR,Vendor expense,USR001,USR006
197,DOC00099,2026-01-02,DE01,110000,CC200,1386.28,0.0,EUR,DR,Customer sale,USR001,USR006
198,DOC00099,2026-01-02,DE01,400000,CC200,0.0,1386.28,EUR,DR,Customer sale,USR001,USR006
199,DOC00100,2026-12-18,DE01,110000,CC200,21250.28,0.0,EUR,DR,Customer sale,USR002,USR003
200,DOC00100,2026-12-18,DE01,400000,CC200,0.0,21250.28,EUR,DR,Customer sale,USR002,USR003
201,DOC00101,2026-12-20,DE01,110000,CC200,19325.5,0.0,EUR,DR,Customer sale,USR006,USR005
202,DOC00101,2026-12-20,DE01,400000,CC200,0.0,19325.5,EUR,DR,Customer sale,USR006,USR005
203,DOC00102,2026-06-12,DE01,640000,CC100,5124.37,0.0,EUR,KR,Vendor expense,USR001,USR002
204,DOC00102,2026-06-12,DE01,200000,,0.0,5124.37,EUR,KR,Vendor expense,USR001,USR002
205,DOC00103,2026-09-29,DE01,110000,CC200,15787.29,0.0,EUR,DR,Customer sale,USR001,USR006
206,DOC00103,2026-09-29,DE01,400000,CC200,0.0,15787.29,EUR,DR,Customer sale,USR001,USR006
207,DOC00104,2026-02-26,DE01,110000,CC200,4906.73,0.0,EUR,DR,Customer sale,USR001,USR003
208,DOC00104,2026-02-26,DE01,400000,CC200,0.0,4906.73,EUR,DR,Customer sale,USR001,USR003
209,DOC00105,2026-09-17,DE01,640000,CC100,15327.44,0.0,EUR,KR,Vendor expense,USR004,USR001
210,DOC00105,2026-09-17,DE01,200000,,0.0,15327.44,EUR,KR,Vendor expense,USR004,USR001
211,DOC00106,2026-03-21,DE01,650000,CC200,17768.5,0.0,EUR,KR,Vendor expense,USR006,USR003
212,DOC00106,2026-03-21,DE01,200000,,0.0,17768.5,EUR,KR,Vendor expense,USR006,USR003
213,DOC00107,2026-03-08,DE01,650000,CC400,24502.68,0.0,EUR,KR,Vendor expense,USR004,USR003
214,DOC00107,2026-03-08,DE01,200000,,0.0,24502.68,EUR,KR,Vendor expense,USR004,USR003
215,DOC00108,2026-11-15,DE01,620000,CC600,3713.74,0.0,EUR,KR,Vendor expense,USR004,USR002
216,DOC00108,2026-11-15,DE01,200000,,0.0,3713.74,EUR,KR,Vendor expense,USR004,USR002
217,DOC00109,2026-07-30,DE01,660000,CC300,17524.42,0.0,EUR,KR,Vendor expense,USR002,USR005
218,DOC00109,2026-07-30,DE01,200000,,0.0,17524.42,EUR,KR,Vendor expense,USR002,USR005
219,DOC00110,2026-06-18,DE01,660000,CC300,10160.46,0.0,EUR,KR,Vendor expense,USR004,USR006
220,DOC00110,2026-06-18,DE01,200000,,0.0,10160.46,EUR,KR,Vendor expense,USR004,USR006
221,DOC00111,2026-02-18,DE01,620000,CC400,7024.08,0.0,EUR,KR,Vendor expense,USR001,USR003
222,DOC00111,2026-02-18,DE01,200000,,0.0,7024.08,EUR,KR,Vendor expense,USR001,USR003
223,DOC00112,2026-05-27,DE01,660000,CC300,10354.09,0.0,EUR,KR,Vendor expense,USR004,USR001
224,DOC00112,2026-05-27,DE01,200000,,0.0,10354.09,EUR,KR,Vendor expense,USR004,USR001
225,DOC00113,2026-08-03,DE01,620000,CC200,7994.32,0.0,EUR,KR,Vendor expense,USR006,USR001
226,DOC00113,2026-08-03,DE01,200000,,0.0,7994.32,EUR,KR,Vendor expense,USR006,USR001
227,DOC00114,2026-02-23,DE01,110000,CC200,14354.2,0.0,EUR,DR,Customer sale,USR002,USR003
228,DOC00114,2026-02-23,DE01,400000,CC200,0.0,14354.2,EUR,DR,Customer sale,USR002,USR003
229,DOC00115,2026-07-19,DE01,110000,CC200,16345.58,0.0,EUR,DR,Customer sale,USR004,USR005
230,DOC00115,2026-07-19,DE01,400000,CC200,0.0,16345.58,EUR,DR,Customer sale,USR004,USR005
231,DOC00116,2026-05-06,DE01,660000,CC400,10842.31,0.0,EUR,KR,Vendor expense,USR004,USR003
232,DOC00116,2026-05-06,DE01,200000,,0.0,10842.31,EUR,KR,Vendor expense,USR004,USR003
233,DOC00117,2026-07-07,DE01,660000,CC100,18443.97,0.0,EUR,KR,Vendor expense,USR004,USR006
234,DOC00117,2026-07-07,DE01,200000,,0.0,18443.97,EUR,KR,Vendor expense,USR004,USR006
235,DOC00118,2026-09-25,DE01,110000,CC200,20016.77,0.0,EUR,DR,Customer sale,USR004,USR002
236,DOC00118,2026-09-25,DE01,400000,CC200,0.0,20016.77,EUR,DR,Customer sale,USR004,USR002
237,DOC00119,2026-05-21,DE01,110000,CC200,2984.83,0.0,EUR,DR,Customer sale,USR003,USR001
238,DOC00119,2026-05-21,DE01,400000,CC200,0.0,2984.83,EUR,DR,Customer sale,USR003,USR001
239,DOC00120,2026-10-27,DE01,650000,CC300,7087.22,0.0,EUR,KR,Vendor expense,USR001,USR004
240,DOC00120,2026-10-27,DE01,200000,,0.0,7087.22,EUR,KR,Vendor expense,USR001,USR004
241,DOC00121,2026-04-25,DE01,110000,CC200,18593.04,0.0,EUR,DR,Customer sale,USR006,USR001
242,DOC00121,2026-04-25,DE01,400000,CC200,0.0,18593.04,EUR,DR,Customer sale,USR006,USR001
243,DOC00122,2026-10-29,DE01,640000,CC200,9369.31,0.0,EUR,KR,Vendor expense,USR005,USR001
244,DOC00122,2026-10-29,DE01,200000,,0.0,9369.31,EUR,KR,Vendor expense,USR005,USR001
245,DOC00123,2026-07-05,DE01,110000,CC200,23964.89,0.0,EUR,DR,Customer sale,USR003,USR001
246,DOC00123,2026-07-05,DE01,400000,CC200,0.0,23964.89,EUR,DR,Customer sale,USR003,USR001
247,DOC00124,2026-06-04,DE01,660000,CC500,17222.86,0.0,EUR,KR,Vendor expense,USR002,USR001
248,DOC00124,2026-06-04,DE01,200000,,0.0,17347.86,EUR,KR,Vendor expense,USR002,USR001
249,DOC00125,2026-08-22,DE01,640000,CC500,367.12,0.0,EUR,KR,Vendor expense,USR005,USR002
250,DOC00125,2026-08-22,DE01,200000,,0.0,367.12,EUR,KR,Vendor expense,USR005,USR002
251,DOC00126,2026-09-17,DE01,610000,CC600,20923.98,0.0,EUR,KR,Vendor expense,USR001,USR006
252,DOC00126,2026-09-17,DE01,200000,,0.0,20923.98,EUR,KR,Vendor expense,USR001,USR006
253,DOC00127,2026-11-03,DE01,620000,CC400,24759.01,0.0,EUR,KR,Vendor expense,USR004,USR001
254,DOC00127,2026-11-03,DE01,200000,,0.0,24759.01,EUR,KR,Vendor expense,USR004,USR001
255,DOC00128,2026-04-30,DE01,660000,CC300,18907.72,0.0,EUR,KR,Vendor expense,USR001,USR002
256,DOC00128,2026-04-30,DE01,200000,,0.0,18907.72,EUR,KR,Vendor expense,USR001,USR002
257,DOC00129,2026-02-24,DE01,500000,CC600,4605.07,0.0,EUR,KR,Vendor expense,USR002,USR006
258,DOC00129,2026-02-24,DE01,200000,,0.0,4605.07,EUR,KR,Vendor expense,USR002,USR006
259,DOC00130,2026-03-12,DE01,500000,CC400,12305.92,0.0,EUR,KR,Vendor expense,USR002,USR006
260,DOC00130,2026-03-12,DE01,200000,,0.0,12305.92,EUR,KR,Vendor expense,USR002,USR006
261,DOC00131,2026-01-31,DE01,640000,CC600,6167.32,0.0,EUR,KR,Vendor expense,USR006,USR006
262,DOC00131,2026-01-31,DE01,200000,,0.0,6167.32,EUR,KR,Vendor expense,USR006,USR006
263,DOC00132,2026-05-29,DE01,650000,CC100,19096.29,0.0,EUR,KR,Vendor expense,USR005,USR004
264,DOC00132,2026-05-29,DE01,200000,,0.0,19096.29,EUR,KR,Vendor expense,USR005,USR004
265,DOC00133,2026-07-16,DE01,110000,CC200,8527.57,0.0,EUR,DR,Customer sale,USR006,USR005
266,DOC00133,2026-07-16,DE01,400000,CC200,0.0,8527.57,EUR,DR,Customer sale,USR006,USR005
267,DOC00134,2026-06-26,DE01,660000,CC300,21315.19,0.0,EUR,KR,Vendor expense,USR003,USR004
268,DOC00134,2026-06-26,DE01,200000,,0.0,21315.19,EUR,KR,Vendor expense,USR003,USR004
269,DOC00135,2026-02-13,DE01,640000,CC300,8580.71,0.0,EUR,KR,Vendor expense,USR006,USR003
270,DOC00135,2026-02-13,DE01,200000,,0.0,8580.71,EUR,KR,Vendor expense,USR006,USR003
271,DOC00136,2026-02-08,DE01,640000,CC400,10023.96,0.0,EUR,KR,Vendor expense,USR006,USR005
272,DOC00136,2026-02-08,DE01,200000,,0.0,10023.96,EUR,KR,Vendor expense,USR006,USR005
273,DOC00137,2026-01-04,DE01,110000,CC200,4870.91,0.0,EUR,DR,Customer sale,USR003,USR002
274,DOC00137,2026-01-04,DE01,400000,CC200,0.0,4870.91,EUR,DR,Customer sale,USR003,USR002
275,DOC00138,2026-09-10,DE01,620000,CC400,7757.62,0.0,EUR,KR,Vendor expense,USR003,USR001
276,DOC00138,2026-09-10,DE01,200000,,0.0,7757.62,EUR,KR,Vendor expense,USR003,USR001
277,DOC00139,2026-04-12,DE01,660000,CC500,17605.53,0.0,EUR,KR,Vendor expense,USR004,USR005
278,DOC00139,2026-04-12,DE01,200000,,0.0,17605.53,EUR,KR,Vendor expense,USR004,USR005
279,DOC00140,2026-11-17,DE01,110000,CC200,19059.67,0.0,EUR,DR,Customer sale,USR003,USR005
280,DOC00140,2026-11-17,DE01,400000,CC200,0.0,19059.67,EUR,DR,Customer sale,USR003,USR005
281,DOC00141,2026-04-14,DE01,640000,CC600,19571.93,0.0,EUR,KR,Vendor expense,USR006,USR003
282,DOC00141,2026-04-14,DE01,200000,,0.0,19571.93,EUR,KR,Vendor expense,USR006,USR003
283,DOC00142,2026-09-25,DE01,110000,CC200,11058.21,0.0,EUR,DR,Customer sale,USR004,USR003
284,DOC00142,2026-09-25,DE01,400000,CC200,0.0,11058.21,EUR,DR,Customer sale,USR004,USR003
285,DOC00143,2026-08-27,DE01,110000,CC200,24615.99,0.0,EUR,DR,Customer sale,USR001,USR003
286,DOC00143,2026-08-27,DE01,400000,CC200,0.0,24615.99,EUR,DR,Customer sale,USR001,USR003
287,DOC00144,2026-09-25,DE01,110000,CC200,8727.67,0.0,EUR,DR,Customer sale,USR001,USR002
288,DOC00144,2026-09-25,DE01,400000,CC200,0.0,8727.67,EUR,DR,Customer sale,USR001,USR002
289,DOC00145,2026-01-15,DE01,110000,CC200,12293.52,0.0,EUR,DR,Customer sale,USR006,USR005
290,DOC00145,2026-01-15,DE01,400000,CC200,0.0,12293.52,EUR,DR,Customer sale,USR006,USR005
291,DOC00146,2026-06-19,DE01,500000,CC400,10348.24,0.0,EUR,KR,Vendor expense,USR001,USR005
292,DOC00146,2026-06-19,DE01,200000,,0.0,10348.24,EUR,KR,Vendor expense,USR001,USR005
293,DOC00147,2026-07-17,DE01,500000,CC500,23125.07,0.0,EUR,KR,Vendor expense,USR005,USR003
294,DOC00147,2026-07-17,DE01,200000,,0.0,23125.07,EUR,KR,Vendor expense,USR005,USR003
295,DOC00148,2026-05-17,DE01,110000,CC200,1312.59,0.0,EUR,DR,Customer sale,USR003,USR001
296,DOC00148,2026-05-17,DE01,999999,CC200,0.0,1312.59,EUR,DR,Customer sale,USR003,USR001
297,DOC00149,2026-09-04,DE01,110000,CC200,19365.65,0.0,EUR,DR,Customer sale,USR001,USR006
298,DOC00149,2026-09-04,DE01,400000,CC200,0.0,19365.65,EUR,DR,Customer sale,USR001,USR006
299,DOC00150,2026-09-27,DE01,110000,CC200,1319.2,0.0,EUR,DR,Customer sale,USR006,USR002
300,DOC00150,2026-09-27,DE01,400000,CC200,0.0,1319.2,EUR,DR,Customer sale,USR006,USR002
301,DOC00151,2026-08-15,DE01,650000,CC200,212.05,0.0,EUR,KR,Vendor expense,USR006,USR003
302,DOC00151,2026-08-15,DE01,200000,,0.0,212.05,EUR,KR,Vendor expense,USR006,USR003
303,DOC00152,2026-10-05,DE01,620000,,22401.31,0.0,EUR,KR,Vendor expense,USR003,USR005
304,DOC00152,2026-10-05,DE01,200000,,0.0,22401.31,EUR,KR,Vendor expense,USR003,USR005
305,DOC00153,2026-11-08,DE01,610000,CC600,8765.98,0.0,EUR,KR,Vendor expense,USR005,USR006
306,DOC00153,2026-11-08,DE01,200000,,0.0,8890.98,EUR,KR,Vendor expense,USR005,USR006
307,DOC00154,2026-06-13,DE01,650000,CC600,6943.14,0.0,EUR,KR,Vendor expense,USR003,USR004
308,DOC00154,2026-06-13,DE01,200000,,0.0,6943.14,EUR,KR,Vendor expense,USR003,USR004
309,DOC00155,2026-01-31,DE01,110000,CC200,8613.98,0.0,EUR,DR,Customer sale,USR003,USR005
310,DOC00155,2026-01-31,DE01,400000,CC200,0.0,8613.98,EUR,DR,Customer sale,USR003,USR005
311,DOC00156,2026-10-22,DE01,500000,CC400,7479.42,0.0,EUR,KR,Vendor expense,USR005,USR003
312,DOC00156,2026-10-22,DE01,200000,,0.0,7479.42,EUR,KR,Vendor expense,USR005,USR003
313,DOC00157,2026-03-10,DE01,620000,CC400,17551.94,0.0,EUR,KR,Vendor expense,USR006,USR004
314,DOC00157,2026-03-10,DE01,200000,,0.0,17551.94,EUR,KR,Vendor expense,USR006,USR004
315,DOC00158,2026-12-01,DE01,620000,CC100,12473.22,0.0,EUR,KR,Vendor expense,USR003,USR001
316,DOC00158,2026-12-01,DE01,200000,,0.0,12473.22,EUR,KR,Vendor expense,USR003,USR001
317,DOC00159,2026-05-09,DE01,660000,CC300,539.95,0.0,EUR,KR,Vendor expense,USR002,USR003
318,DOC00159,2026-05-09,DE01,200000,,0.0,539.95,EUR,KR,Vendor expense,USR002,USR003
319,DOC00160,2026-05-06,DE01,650000,CC600,10567.51,0.0,EUR,KR,Vendor expense,USR006,USR005
320,DOC00160,2026-05-06,DE01,200000,,0.0,10567.51,EUR,KR,Vendor expense,USR006,USR005
321,DOC00161,2026-12-24,DE01,660000,CC200,22435.22,0.0,EUR,KR,Vendor expense,USR002,USR003
322,DOC00161,2026-12-24,DE01,200000,,0.0,22435.22,EUR,KR,Vendor expense,USR002,USR003
323,DOC00162,2026-11-28,DE01,110000,CC200,13285.6,0.0,EUR,DR,Customer sale,USR006,USR004
324,DOC00162,2026-11-28,DE01,400000,CC200,0.0,13285.6,EUR,DR,Customer sale,USR006,USR004
325,DOC00163,2026-08-04,DE01,610000,CC200,7554.64,0.0,EUR,KR,Vendor expense,USR006,USR002
326,DOC00163,2026-08-04,DE01,200000,,0.0,7554.64,EUR,KR,Vendor expense,USR006,USR002
327,DOC00164,2026-05-07,DE01,110000,CC200,7152.85,0.0,EUR,DR,Customer sale,USR006,USR001
328,DOC00164,2026-05-07,DE01,400000,CC200,0.0,7152.85,EUR,DR,Customer sale,USR006,USR001
329,DOC00165,2026-08-02,DE01,110000,CC200,11015.82,0.0,EUR,DR,Customer sale,USR005,USR006
330,DOC00165,2026-08-02,DE01,400000,CC200,0.0,11015.82,EUR,DR,Customer sale,USR005,USR006
331,DOC00166,2026-08-03,DE01,110000,CC200,20384.5,0.0,EUR,DR,Customer sale,USR005,USR004
332,DOC00166,2026-08-03,DE01,400000,CC200,0.0,20384.5,EUR,DR,Customer sale,USR005,USR004
333,DOC00167,2026-06-21,DE01,110000,CC200,14098.05,0.0,EUR,DR,Customer sale,USR002,USR003
334,DOC00167,2026-06-21,DE01,400000,CC200,0.0,14098.05,EUR,DR,Customer sale,USR002,USR003
335,DOC00168,2026-04-27,DE01,660000,CC300,12867.03,0.0,EUR,KR,Vendor expense,USR006,USR005
336,DOC00168,2026-04-27,DE01,200000,,0.0,12867.03,EUR,KR,Vendor expense,USR006,USR005
337,DOC00169,2026-12-17,DE01,610000,CC100,2664.77,0.0,EUR,KR,Vendor expense,USR002,USR001
338,DOC00169,2026-12-17,DE01,200000,,0.0,2664.77,EUR,KR,Vendor expense,USR002,USR001
339,DOC00170,2026-12-26,DE01,660000,CC200,12950.59,0.0,EUR,KR,Vendor expense,USR003,USR005
340,DOC00170,2026-12-26,DE01,200000,,0.0,12950.59,EUR,KR,Vendor expense,USR003,USR005
341,DOC00171,2026-02-10,DE01,650000,CC600,9674.16,0.0,EUR,KR,Vendor expense,USR005,USR001
342,DOC00171,2026-02-10,DE01,200000,,0.0,9674.16,EUR,KR,Vendor expense,USR005,USR001
343,DOC00172,2026-12-23,DE01,610000,CC300,9913.73,0.0,EUR,KR,Vendor expense,USR002,USR003
344,DOC00172,2026-12-23,DE01,200000,,0.0,9913.73,EUR,KR,Vendor expense,USR002,USR003
345,DOC00173,2026-02-10,DE01,640000,CC100,21582.84,0.0,EUR,KR,Vendor expense,USR001,USR002
346,DOC00173,2026-02-10,DE01,200000,,0.0,21582.84,EUR,KR,Vendor expense,USR001,USR002
347,DOC00174,2026-01-11,DE01,110000,CC200,10840.04,0.0,EUR,DR,Customer sale,USR002,USR004
348,DOC00174,2026-01-11,DE01,400000,CC200,0.0,10840.04,EUR,DR,Customer sale,USR002,USR004
349,DOC00175,2026-07-13,DE01,660000,CC200,8130.01,0.0,EUR,KR,Vendor expense,USR002,USR004
350,DOC00175,2026-07-13,DE01,200000,,0.0,8130.01,EUR,KR,Vendor expense,USR002,USR004
351,DOC00176,2026-09-07,DE01,660000,CC200,5783.5,0.0,EUR,KR,Vendor expense,USR005,USR002
352,DOC00176,2026-09-07,DE01,200000,,0.0,5783.5,EUR,KR,Vendor expense,USR005,USR002
353,DOC00177,2026-06-30,DE01,610000,CC100,17817.8,0.0,EUR,KR,Vendor expense,USR003,USR001
354,DOC00177,2026-06-30,DE01,200000,,0.0,17817.8,EUR,KR,Vendor expense,USR003,USR001
355,DOC00178,2026-02-20,DE01,610000,CC600,22978.7,0.0,EUR,KR,Vendor expense,USR001,USR002
356,DOC00178,2026-02-20,DE01,200000,,0.0,22978.7,EUR,KR,Vendor expense,USR001,USR002
357,DOC00179,2026-02-26,DE01,610000,CC200,15541.72,0.0,EUR,KR,Vendor expense,USR001,USR004
358,DOC00179,2026-02-26,DE01,200000,,0.0,15541.72,EUR,KR,Vendor expense,USR001,USR004
359,DOC00180,2026-08-04,DE01,660000,CC200,21250.94,0.0,EUR,KR,Vendor expense,USR003,USR001
360,DOC00180,2026-08-04,DE01,200000,,0.0,21250.94,EUR,KR,Vendor expense,USR003,USR001
361,DOC00181,2026-06-17,DE01,610000,CC600,19346.14,0.0,EUR,KR,Vendor expense,USR001,USR006
362,DOC00181,2026-06-17,DE01,200000,,0.0,19346.14,EUR,KR,Vendor expense,USR001,USR006
363,DOC00182,2026-12-02,DE01,660000,CC600,11415.99,0.0,EUR,KR,Vendor expense,USR006,USR004
364,DOC00182,2026-12-02,DE01,200000,,0.0,11415.99,EUR,KR,Vendor expense,USR006,USR004
365,DOC00183,2026-09-25,DE01,610000,CC500,8028.14,0.0,EUR,KR,Vendor expense,USR005,USR003
366,DOC00183,2026-09-25,DE01,200000,,0.0,8028.14,EUR,KR,Vendor expense,USR005,USR003
367,DOC00184,2026-03-20,DE01,500000,CC500,10409.25,0.0,EUR,KR,Vendor expense,USR004,USR002
368,DOC00184,2026-03-20,DE01,200000,,0.0,10409.25,EUR,KR,Vendor expense,USR004,USR002
369,DOC00185,2026-09-26,DE01,110000,CC200,573.95,0.0,EUR,DR,Customer sale,USR003,USR005
370,DOC00185,2026-09-26,DE01,400000,CC200,0.0,573.95,EUR,DR,Customer sale,USR003,USR005
371,DOC00186,2026-11-05,DE01,110000,CC200,18490.65,0.0,EUR,DR,Customer sale,USR005,USR006
372,DOC00186,2026-11-05,DE01,400000,CC200,0.0,18490.65,EUR,DR,Customer sale,USR005,USR006
373,DOC00187,2026-02-23,DE01,110000,CC200,3238.06,0.0,EUR,DR,Customer sale,USR004,USR005
374,DOC00187,2026-02-23,DE01,400000,CC200,0.0,3238.06,EUR,DR,Customer sale,USR004,USR005
375,DOC00188,2026-01-22,DE01,660000,CC600,12731.59,0.0,EUR,KR,Vendor expense,USR002,USR001
376,DOC00188,2026-01-22,DE01,200000,,0.0,12731.59,EUR,KR,Vendor expense,USR002,USR001
377,DOC00189,2026-01-07,DE01,110000,CC200,24827.81,0.0,EUR,DR,Customer sale,USR004,USR003
378,DOC00189,2026-01-07,DE01,400000,CC200,0.0,24827.81,EUR,DR,Customer sale,USR004,USR003
379,DOC00190,2026-02-16,DE01,640000,CC100,22021.47,0.0,EUR,KR,Vendor expense,USR003,USR004
380,DOC00190,2026-02-16,DE01,200000,,0.0,22021.47,EUR,KR,Vendor expense,USR003,USR004
381,DOC00191,2026-09-21,DE01,110000,CC200,14904.73,0.0,EUR,DR,Customer sale,USR001,USR002
382,DOC00191,2026-09-21,DE01,400000,CC200,0.0,14904.73,EUR,DR,Customer sale,USR001,USR002
383,DOC00192,2026-12-23,DE01,660000,CC400,552.2,0.0,EUR,KR,Vendor expense,USR006,USR006
384,DOC00192,2026-12-23,DE01,200000,,0.0,552.2,EUR,KR,Vendor expense,USR006,USR006
385,DOC00193,2026-11-15,DE01,640000,CC200,6416.25,0.0,EUR,KR,Vendor expense,USR004,USR005
386,DOC00193,2026-11-15,DE01,200000,,0.0,6416.25,EUR,KR,Vendor expense,USR004,USR005
387,DOC00194,2026-10-02,DE01,110000,CC200,18171.66,0.0,EUR,DR,Customer sale,USR005,USR004
388,DOC00194,2026-10-02,DE01,400000,CC200,0.0,18171.66,EUR,DR,Customer sale,USR005,USR004
389,DOC00195,2026-09-19,DE01,500000,CC400,10539.88,0.0,EUR,KR,Vendor expense,USR006,USR005
390,DOC00195,2026-09-19,DE01,200000,,0.0,10539.88,EUR,KR,Vendor expense,USR006,USR005
391,DOC00196,2026-10-18,DE01,110000,CC200,13053.73,0.0,EUR,DR,Customer sale,USR003,USR004
392,DOC00196,2026-10-18,DE01,400000,CC200,0.0,13053.73,EUR,DR,Customer sale,USR003,USR004
393,DOC00197,2026-02-04,DE01,110000,CC200,9935.68,0.0,EUR,DR,Customer sale,USR001,USR005
394,DOC00197,2026-02-04,DE01,400000,CC200,0.0,9935.68,EUR,DR,Customer sale,USR001,USR005
395,DOC00198,2026-02-24,DE01,110000,CC200,4543.2,0.0,EUR,DR,Customer sale,USR005,USR001
396,DOC00198,2026-02-24,DE01,400000,CC200,0.0,4543.2,EUR,DR,Customer sale,USR005,USR001
397,DOC00199,2026-11-10,DE01,110000,CC200,5382.47,0.0,EUR,DR,Customer sale,USR003,USR004
398,DOC00199,2026-11-10,DE01,400000,CC200,0.0,5382.47,EUR,DR,Customer sale,USR003,USR004
399,DOC00200,2026-09-25,DE01,110000,CC200,9538.41,0.0,EUR,DR,Customer sale,USR003,USR004
400,DOC00200,2026-09-25,DE01,400000,CC200,0.0,9538.41,EUR,DR,Customer sale,USR003,USR004
401,DOC00201,2026-09-28,DE01,110000,CC200,19595.71,0.0,EUR,DR,Customer sale,USR006,USR003
402,DOC00201,2026-09-28,DE01,400000,CC200,0.0,19595.71,EUR,DR,Customer sale,USR006,USR003
403,DOC00202,2026-02-08,DE01,500000,CC400,21652.76,0.0,EUR,KR,Vendor expense,USR006,USR004
404,DOC00202,2026-02-08,DE01,200000,,0.0,21652.76,EUR,KR,Vendor expense,USR006,USR004
405,DOC00203,2026-06-07,DE01,650000,CC600,676.19,0.0,EUR,KR,Vendor expense,USR005,USR002
406,DOC00203,2026-06-07,DE01,200000,,0.0,676.19,EUR,KR,Vendor expense,USR005,USR002
407,DOC00204,2026-09-20,DE01,610000,CC400,22200.52,0.0,EUR,KR,Vendor expense,USR004,USR002
408,DOC00204,2026-09-20,DE01,200000,,0.0,22200.52,EUR,KR,Vendor expense,USR004,USR002
409,DOC00205,2026-07-28,DE01,110000,CC200,10287.59,0.0,EUR,DR,Customer sale,USR004,USR001
410,DOC00205,2026-07-28,DE01,400000,CC200,0.0,10287.59,EUR,DR,Customer sale,USR004,USR001
411,DOC00206,2026-07-04,DE01,650000,CC300,4998.88,0.0,EUR,KR,Vendor expense,USR003,USR002
412,DOC00206,2026-07-04,DE01,200000,,0.0,4998.88,EUR,KR,Vendor expense,USR003,USR002
413,DOC00207,2026-02-17,DE01,110000,CC200,4155.5,0.0,EUR,DR,Customer sale,USR002,USR005
414,DOC00207,2026-02-17,DE01,400000,CC200,0.0,4155.5,EUR,DR,Customer sale,USR002,USR005
415,DOC00208,2026-05-04,DE01,110000,CC200,6165.56,0.0,EUR,DR,Customer sale,USR002,USR001
416,DOC00208,2026-05-04,DE01,400000,CC200,0.0,6165.56,EUR,DR,Customer sale,USR002,USR001
417,DOC00209,2026-10-03,DE01,610000,CC600,7025.02,0.0,EUR,KR,Vendor expense,USR003,USR002
418,DOC00209,2026-10-03,DE01,200000,,0.0,7025.02,EUR,KR,Vendor expense,USR003,USR002
419,DOC00210,2026-01-21,DE01,500000,CC100,6560.05,0.0,EUR,KR,Vendor expense,USR003,USR001
420,DOC00210,2026-01-21,DE01,200000,,0.0,6560.05,EUR,KR,Vendor expense,USR003,USR001
421,DOC00211,2026-12-17,DE01,500000,CC600,16347.73,0.0,EUR,KR,Vendor expense,USR005,USR003
422,DOC00211,2026-12-17,DE01,200000,,0.0,16347.73,EUR,KR,Vendor expense,USR005,USR003
423,DOC00212,2026-02-19,DE01,110000,CC200,19143.61,0.0,EUR,DR,Customer sale,USR002,USR003
424,DOC00212,2026-02-19,DE01,400000,CC200,0.0,19143.61,EUR,DR,Customer sale,USR002,USR003
425,DOC00213,2026-02-08,DE01,620000,CC600,24560.93,0.0,EUR,KR,Vendor expense,USR006,USR002
426,DOC00213,2026-02-08,DE01,200000,,0.0,24560.93,EUR,KR,Vendor expense,USR006,USR002
427,DOC00214,2026-02-20,DE01,110000,CC200,7681.22,0.0,EUR,DR,Customer sale,USR002,USR004
428,DOC00214,2026-02-20,DE01,400000,CC200,0.0,7681.22,EUR,DR,Customer sale,USR002,USR004
429,DOC00215,2026-02-05,DE01,500000,CC400,15457.23,0.0,EUR,KR,Vendor expense,USR003,USR004
430,DOC00215,2026-02-05,DE01,200000,,0.0,15457.23,EUR,KR,Vendor expense,USR003,USR004
431,DOC00216,2026-06-15,DE01,110000,CC200,21313.14,0.0,EUR,DR,Customer sale,USR001,USR003
432,DOC00216,2026-06-15,DE01,400000,CC200,0.0,21313.14,EUR,DR,Customer sale,USR001,USR003
433,DOC00217,2026-09-28,DE01,110000,CC200,9344.19,0.0,EUR,DR,Customer sale,USR002,USR006
434,DOC00217,2026-09-28,DE01,400000,CC200,0.0,9344.19,EUR,DR,Customer sale,USR002,USR006
435,DOC00218,2026-01-12,DE01,610000,CC600,5249.66,0.0,EUR,KR,Vendor expense,USR005,USR004
436,DOC00218,2026-01-12,DE01,200000,,0.0,5249.66,EUR,KR,Vendor expense,USR005,USR004
437,DOC00219,2026-11-24,DE01,660000,CC200,2599.85,0.0,EUR,KR,Vendor expense,USR003,USR002
438,DOC00219,2026-11-24,DE01,200000,,0.0,2599.85,EUR,KR,Vendor expense,USR003,USR002
439,DOC00220,2026-08-26,DE01,110000,CC200,11301.5,0.0,EUR,DR,Customer sale,USR003,USR001
440,DOC00220,2026-08-26,DE01,400000,CC200,0.0,11301.5,EUR,DR,Customer sale,USR003,USR001
441,DOC00221,2026-02-18,DE01,650000,CC300,21876.92,0.0,EUR,KR,Vendor expense,USR006,USR004
442,DOC00221,2026-02-18,DE01,200000,,0.0,21876.92,EUR,KR,Vendor expense,USR006,USR004
443,DOC00222,2026-04-01,DE01,110000,CC200,6195.43,0.0,EUR,DR,Customer sale,USR002,USR001
444,DOC00222,2026-04-01,DE01,400000,CC200,0.0,6195.43,EUR,DR,Customer sale,USR002,USR001
445,DOC00223,2026-12-10,DE01,620000,CC200,19456.23,0.0,EUR,KR,Vendor expense,USR002,USR004
446,DOC00223,2026-12-10,DE01,200000,,0.0,19456.23,EUR,KR,Vendor expense,USR002,USR004
447,DOC00224,2026-05-24,DE01,610000,CC100,10920.62,0.0,EUR,KR,Vendor expense,USR004,USR002
448,DOC00224,2026-05-24,DE01,200000,,0.0,10920.62,EUR,KR,Vendor expense,USR004,USR002
449,DOC00225,2026-12-14,DE01,500000,CC100,12102.57,0.0,EUR,KR,Vendor expense,USR006,USR005
450,DOC00225,2026-12-14,DE01,200000,,0.0,12102.57,EUR,KR,Vendor expense,USR006,USR005
451,DOC00226,2026-12-17,DE01,500000,CC100,6404.3,0.0,EUR,KR,Vendor expense,USR002,USR006
452,DOC00226,2026-12-17,DE01,200000,,0.0,6404.3,EUR,KR,Vendor expense,USR002,USR006
453,DOC00227,2026-12-01,DE01,620000,CC100,8106.17,0.0,EUR,KR,Vendor expense,USR006,USR004
454,DOC00227,2026-12-01,DE01,200000,,0.0,8106.17,EUR,KR,Vendor expense,USR006,USR004
455,DOC00228,2026-07-12,DE01,110000,CC200,4762.25,0.0,EUR,DR,Customer sale,USR004,USR006
456,DOC00228,2026-07-12,DE01,400000,CC200,0.0,4762.25,EUR,DR,Customer sale,USR004,USR006
457,DOC00229,2026-10-26,DE01,110000,CC200,11772.11,0.0,EUR,DR,Customer sale,USR005,USR006
458,DOC00229,2026-10-26,DE01,400000,CC200,0.0,11772.11,EUR,DR,Customer sale,USR005,USR006
459,DOC00230,2026-09-06,DE01,110000,CC200,1347.66,0.0,EUR,DR,Customer sale,USR003,USR006
460,DOC00230,2026-09-06,DE01,400000,CC200,0.0,1347.66,EUR,DR,Customer sale,USR003,USR006
461,DOC00231,2026-08-29,DE01,610000,CC500,18795.88,0.0,EUR,KR,Vendor expense,USR004,USR005
462,DOC00231,2026-08-29,DE01,200000,,0.0,18795.88,EUR,KR,Vendor expense,USR004,USR005
463,DOC00232,2026-12-04,DE01,110000,CC200,11005.94,0.0,EUR,DR,Customer sale,USR002,USR005
464,DOC00232,2026-12-04,DE01,400000,CC200,0.0,11005.94,EUR,DR,Customer sale,USR002,USR005
465,DOC00233,2026-01-01,DE01,620000,CC300,7094.32,0.0,EUR,KR,Vendor expense,USR006,USR001
466,DOC00233,2026-01-01,DE01,200000,,0.0,7094.32,EUR,KR,Vendor expense,USR006,USR001
467,DOC00234,2026-06-08,DE01,110000,CC200,15843.84,0.0,EUR,DR,Customer sale,USR001,USR004
468,DOC00234,2026-06-08,DE01,400000,CC200,0.0,15843.84,EUR,DR,Customer sale,USR001,USR004
469,DOC00235,2026-08-25,DE01,110000,CC200,18181.89,0.0,EUR,DR,Customer sale,USR002,USR005
470,DOC00235,2026-08-25,DE01,400000,CC200,0.0,18181.89,EUR,DR,Customer sale,USR002,USR005
471,DOC00236,2026-08-29,DE01,640000,CC600,11872.32,0.0,EUR,KR,Vendor expense,USR004,USR005
472,DOC00236,2026-08-29,DE01,200000,,0.0,11872.32,EUR,KR,Vendor expense,USR004,USR005
473,DOC00237,2026-03-06,DE01,500000,CC400,16984.54,0.0,EUR,KR,Vendor expense,USR006,USR005
474,DOC00237,2026-03-06,DE01,200000,,0.0,16984.54,EUR,KR,Vendor expense,USR006,USR005
475,DOC00238,2026-04-16,DE01,650000,CC600,18765.5,0.0,EUR,KR,Vendor expense,USR006,USR002
476,DOC00238,2026-04-16,DE01,200000,,0.0,18765.5,EUR,KR,Vendor expense,USR006,USR002
477,DOC00239,2026-08-29,DE01,110000,CC200,7631.76,0.0,EUR,DR,Customer sale,USR003,USR006
478,DOC00239,2026-08-29,DE01,400000,CC200,0.0,7631.76,EUR,DR,Customer sale,USR003,USR006
479,DOC00240,2026-05-14,DE01,650000,CC100,10138.19,0.0,EUR,KR,Vendor expense,USR006,USR006
480,DOC00240,2026-05-14,DE01,200000,,0.0,10138.19,EUR,KR,Vendor expense,USR006,USR006
481,DOC00241,2026-09-22,DE01,650000,CC400,10540.59,0.0,EUR,KR,Vendor expense,USR006,USR001
482,DOC00241,2026-09-22,DE01,200000,,0.0,10540.59,EUR,KR,Vendor expense,USR006,USR001
483,DOC00242,2026-05-29,DE01,110000,CC200,11057.25,0.0,EUR,DR,Customer sale,USR002,USR001
484,DOC00242,2026-05-29,DE01,400000,CC200,0.0,11057.25,EUR,DR,Customer sale,USR002,USR001
485,DOC00243,2026-02-03,DE01,500000,CC200,16422.39,0.0,EUR,KR,Vendor expense,USR005,USR004
486,DOC00243,2026-02-03,DE01,200000,,0.0,16422.39,EUR,KR,Vendor expense,USR005,USR004
487,DOC00244,2026-10-21,DE01,660000,CC600,19475.97,0.0,EUR,KR,Vendor expense,USR002,USR006
488,DOC00244,2026-10-21,DE01,200000,,0.0,19475.97,EUR,KR,Vendor expense,USR002,USR006
489,DOC00245,2026-09-01,DE01,500000,CC500,3321.13,0.0,EUR,KR,Vendor expense,USR006,USR002
490,DOC00245,2026-09-01,DE01,200000,,0.0,3321.13,EUR,KR,Vendor expense,USR006,USR002
491,DOC00246,2026-04-13,DE01,640000,CC200,22767.14,0.0,EUR,KR,Vendor expense,USR005,USR004
492,DOC00246,2026-04-13,DE01,200000,,0.0,22767.14,EUR,KR,Vendor expense,USR005,USR004
493,DOC00247,2026-09-14,DE01,610000,CC500,23827.77,0.0,EUR,KR,Vendor expense,USR004,USR005
494,DOC00247,2026-09-14,DE01,200000,,0.0,23827.77,EUR,KR,Vendor expense,USR004,USR005
495,DOC00248,2026-01-24,DE01,110000,CC200,24405.6,0.0,EUR,DR,Customer sale,USR002,USR004
496,DOC00248,2026-01-24,DE01,400000,CC200,0.0,24405.6,EUR,DR,Customer sale,USR002,USR004
497,DOC00249,2026-07-18,DE01,620000,CC600,10061.53,0.0,EUR,KR,Vendor expense,USR001,USR005
498,DOC00249,2026-07-18,DE01,200000,,0.0,10061.53,EUR,KR,Vendor expense,USR001,USR005
499,DOC00250,2026-06-12,DE01,610000,CC200,23404.84,0.0,EUR,KR,Vendor expense,USR006,USR005
500,DOC00250,2026-06-12,DE01,200000,,0.0,23404.84,EUR,KR,Vendor expense,USR006,USR005
501,DOC00251,2026-09-15,DE01,620000,CC300,15841.84,0.0,EUR,KR,Vendor expense,USR003,USR006
502,DOC00251,2026-09-15,DE01,200000,,0.0,15841.84,EUR,KR,Vendor expense,USR003,USR006
503,DOC00252,2026-11-30,DE01,110000,CC200,23104.48,0.0,EUR,DR,Customer sale,USR002,USR006
504,DOC00252,2026-11-30,DE01,400000,CC200,0.0,23104.48,EUR,DR,Customer sale,USR002,USR006
505,DOC00253,2026-12-24,DE01,620000,CC100,19140.21,0.0,EUR,KR,Vendor expense,USR002,USR005
506,DOC00253,2026-12-24,DE01,200000,,0.0,19140.21,EUR,KR,Vendor expense,USR002,USR005
507,DOC00254,2026-09-13,DE01,620000,CC200,16156.0,0.0,EUR,KR,Vendor expense,USR002,USR005
508,DOC00254,2026-09-13,DE01,200000,,0.0,16156.0,EUR,KR,Vendor expense,USR002,USR005
509,DOC00255,2026-08-02,DE01,110000,CC200,10308.56,0.0,EUR,DR,Customer sale,USR002,USR003
510,DOC00255,2026-08-02,DE01,400000,CC200,0.0,10308.56,EUR,DR,Customer sale,USR002,USR003
511,DOC00256,2026-10-25,DE01,110000,CC200,4275.72,0.0,EUR,DR,Customer sale,USR003,USR001
512,DOC00256,2026-10-25,DE01,400000,CC200,0.0,4275.72,EUR,DR,Customer sale,USR003,USR001
513,DOC00257,2026-05-03,DE01,650000,CC500,20995.43,0.0,EUR,KR,Vendor expense,USR002,USR001
514,DOC00257,2026-05-03,DE01,200000,,0.0,20995.43,EUR,KR,Vendor expense,USR002,USR001
515,DOC00258,2026-02-12,DE01,500000,CC200,24965.38,0.0,EUR,KR,Vendor expense,USR003,USR002
516,DOC00258,2026-02-12,DE01,200000,,0.0,24965.38,EUR,KR,Vendor expense,USR003,USR002
517,DOC00259,2026-06-04,DE01,660000,CC200,15529.75,0.0,EUR,KR,Vendor expense,USR006,USR005
518,DOC00259,2026-06-04,DE01,200000,,0.0,15529.75,EUR,KR,Vendor expense,USR006,USR005
519,DOC00260,2026-12-09,DE01,110000,CC200,19789.38,0.0,EUR,DR,Customer sale,USR001,USR003
520,DOC00260,2026-12-09,DE01,400000,CC200,0.0,19789.38,EUR,DR,Customer sale,USR001,USR003
521,DOC00261,2026-03-23,DE01,500000,CC500,2884.94,0.0,EUR,KR,Vendor expense,USR004,USR005
522,DOC00261,2026-03-23,DE01,200000,,0.0,2884.94,EUR,KR,Vendor expense,USR004,USR005
523,DOC00262,2026-06-04,DE01,110000,CC200,13849.4,0.0,EUR,DR,Customer sale,USR002,USR004
524,DOC00262,2026-06-04,DE01,400000,CC200,0.0,13849.4,EUR,DR,Customer sale,USR002,USR004
525,DOC00263,2026-09-08,DE01,640000,CC100,24801.85,0.0,EUR,KR,Vendor expense,USR001,USR006
526,DOC00263,2026-09-08,DE01,200000,,0.0,24801.85,EUR,KR,Vendor expense,USR001,USR006
527,DOC00264,2026-09-07,DE01,610000,CC200,24418.94,0.0,EUR,KR,Vendor expense,USR005,USR002
528,DOC00264,2026-09-07,DE01,200000,,0.0,24418.94,EUR,KR,Vendor expense,USR005,USR002
529,DOC00265,2026-06-05,DE01,110000,CC200,1380.34,0.0,EUR,DR,Customer sale,USR003,USR005
530,DOC00265,2026-06-05,DE01,400000,CC200,0.0,1380.34,EUR,DR,Customer sale,USR003,USR005
531,DOC00266,2026-05-09,DE01,620000,CC600,20819.79,0.0,EUR,KR,Vendor expense,USR006,USR005
532,DOC00266,2026-05-09,DE01,200000,,0.0,20819.79,EUR,KR,Vendor expense,USR006,USR005
533,DOC00267,2026-03-27,DE01,110000,CC200,20054.6,0.0,EUR,DR,Customer sale,USR005,USR001
534,DOC00267,2026-03-27,DE01,400000,CC200,0.0,20054.6,EUR,DR,Customer sale,USR005,USR001
535,DOC00268,2026-04-08,DE01,610000,CC100,21988.81,0.0,EUR,KR,Vendor expense,USR001,USR006
536,DOC00268,2026-04-08,DE01,200000,,0.0,21988.81,EUR,KR,Vendor expense,USR001,USR006
537,DOC00269,2026-07-14,DE01,500000,CC200,1781.21,0.0,EUR,KR,Vendor expense,USR004,USR001
538,DOC00269,2026-07-14,DE01,200000,,0.0,1781.21,EUR,KR,Vendor expense,USR004,USR001
539,DOC00270,2026-11-07,DE01,110000,CC200,967.47,0.0,EUR,DR,Customer sale,USR005,USR002
540,DOC00270,2026-11-07,DE01,400000,CC200,0.0,967.47,EUR,DR,Customer sale,USR005,USR002
541,DOC00271,2026-05-05,DE01,110000,CC200,3756.91,0.0,EUR,DR,Customer sale,USR002,USR001
542,DOC00271,2026-05-05,DE01,400000,CC200,0.0,3756.91,EUR,DR,Customer sale,USR002,USR001
543,DOC00272,2026-07-21,DE01,640000,CC100,20498.08,0.0,EUR,KR,Vendor expense,USR004,USR001
544,DOC00272,2026-07-21,DE01,200000,,0.0,20498.08,EUR,KR,Vendor expense,USR004,USR001
545,DOC00273,2026-09-27,DE01,110000,CC200,6510.55,0.0,EUR,DR,Customer sale,USR002,USR005
546,DOC00273,2026-09-27,DE01,400000,CC200,0.0,6510.55,EUR,DR,Customer sale,USR002,USR005
547,DOC00274,2026-07-04,DE01,610000,CC300,11670.52,0.0,EUR,KR,Vendor expense,USR002,USR003
548,DOC00274,2026-07-04,DE01,200000,,0.0,11670.52,EUR,KR,Vendor expense,USR002,USR003
549,DOC00275,2026-08-25,DE01,500000,CC100,3060.87,0.0,EUR,KR,Vendor expense,USR005,USR004
550,DOC00275,2026-08-25,DE01,200000,,0.0,3060.87,EUR,KR,Vendor expense,USR005,USR004
551,DOC00276,2026-03-06,DE01,660000,CC500,20595.38,0.0,EUR,KR,Vendor expense,USR001,USR003
552,DOC00276,2026-03-06,DE01,200000,,0.0,20595.38,EUR,KR,Vendor expense,USR001,USR003
553,DOC00277,2026-12-27,DE01,110000,CC200,11273.36,0.0,EUR,DR,Customer sale,USR004,USR006
554,DOC00277,2026-12-27,DE01,400000,CC200,0.0,11273.36,EUR,DR,Customer sale,USR004,USR006
555,DOC00278,2026-12-14,DE01,620000,CC200,21834.19,0.0,EUR,KR,Vendor expense,USR006,USR003
556,DOC00278,2026-12-14,DE01,200000,,0.0,21834.19,EUR,KR,Vendor expense,USR006,USR003
557,DOC00279,2026-08-28,DE01,640000,CC100,7298.18,0.0,EUR,KR,Vendor expense,USR002,USR005
558,DOC00279,2026-08-28,DE01,200000,,0.0,7298.18,EUR,KR,Vendor expense,USR002,USR005
559,DOC00280,2026-05-21,DE01,660000,CC100,17792.27,0.0,EUR,KR,Vendor expense,USR005,USR003
560,DOC00280,2026-05-21,DE01,200000,,0.0,17792.27,EUR,KR,Vendor expense,USR005,USR003
561,DOC00281,2026-08-08,DE01,110000,CC200,12206.18,0.0,EUR,DR,Customer sale,USR004,USR002
562,DOC00281,2026-08-08,DE01,400000,CC200,0.0,12206.18,EUR,DR,Customer sale,USR004,USR002
563,DOC00282,2026-06-02,DE01,620000,CC100,20682.63,0.0,EUR,KR,Vendor expense,USR003,USR004
564,DOC00282,2026-06-02,DE01,200000,,0.0,20682.63,EUR,KR,Vendor expense,USR003,USR004
565,DOC00283,2026-02-18,DE01,110000,CC200,7937.27,0.0,EUR,DR,Customer sale,USR004,USR003
566,DOC00283,2026-02-18,DE01,400000,CC200,0.0,7937.27,EUR,DR,Customer sale,USR004,USR003
567,DOC00284,2026-11-05,DE01,110000,CC200,126.58,0.0,EUR,DR,Customer sale,USR001,USR002
568,DOC00284,2026-11-05,DE01,400000,CC200,0.0,126.58,EUR,DR,Customer sale,USR001,USR002
569,DOC00285,2026-10-10,DE01,650000,CC600,4381.81,0.0,EUR,KR,Vendor expense,USR004,USR006
570,DOC00285,2026-10-10,DE01,200000,,0.0,4381.81,EUR,KR,Vendor expense,USR004,USR006
571,DOC00286,2026-06-23,DE01,610000,CC300,23394.99,0.0,EUR,KR,Vendor expense,USR003,USR001
572,DOC00286,2026-06-23,DE01,200000,,0.0,23519.99,EUR,KR,Vendor expense,USR003,USR001
573,DOC00287,2026-06-19,DE01,620000,CC200,17020.22,0.0,EUR,KR,Vendor expense,USR002,USR001
574,DOC00287,2026-06-19,DE01,200000,,0.0,17020.22,EUR,KR,Vendor expense,USR002,USR001
575,DOC00288,2026-03-17,DE01,110000,CC200,10626.08,0.0,EUR,DR,Customer sale,USR004,USR001
576,DOC00288,2026-03-17,DE01,400000,CC200,0.0,10626.08,EUR,DR,Customer sale,USR004,USR001
577,DOC00289,2026-02-19,DE01,500000,,8077.89,0.0,EUR,KR,Vendor expense,USR003,USR002
578,DOC00289,2026-02-19,DE01,200000,,0.0,8077.89,EUR,KR,Vendor expense,USR003,USR002
579,DOC00290,2026-05-05,DE01,110000,CC200,15301.08,0.0,EUR,DR,Customer sale,USR002,USR004
580,DOC00290,2026-05-05,DE01,400000,CC200,0.0,15301.08,EUR,DR,Customer sale,USR002,USR004
581,DOC00291,2026-01-12,DE01,620000,CC100,2585.79,0.0,EUR,KR,Vendor expense,USR006,USR004
582,DOC00291,2026-01-12,DE01,200000,,0.0,2585.79,EUR,KR,Vendor expense,USR006,USR004
583,DOC00292,2026-08-15,DE01,110000,CC200,3137.03,0.0,EUR,DR,Customer sale,USR002,USR002
584,DOC00292,2026-08-15,DE01,400000,CC200,0.0,3137.03,EUR,DR,Customer sale,USR002,USR002
585,DOC00293,2026-10-03,DE01,500000,CC300,13198.91,0.0,EUR,KR,Vendor expense,USR001,USR006
586,DOC00293,2026-10-03,DE01,200000,,0.0,13198.91,EUR,KR,Vendor expense,USR001,USR006
587,DOC00294,2026-01-23,DE01,110000,CC200,23721.27,0.0,EUR,DR,Customer sale,USR002,USR001
588,DOC00294,2026-01-23,DE01,400000,CC200,0.0,23721.27,EUR,DR,Customer sale,USR002,USR001
589,DOC00295,2026-12-04,DE01,610000,,24467.99,0.0,EUR,KR,Vendor expense,USR002,USR003
590,DOC00295,2026-12-04,DE01,200000,,0.0,24467.99,EUR,KR,Vendor expense,USR002,USR003
591,DOC00296,2026-12-21,DE01,640000,CC500,9580.24,0.0,EUR,KR,Vendor expense,USR005,USR002
592,DOC00296,2026-12-21,DE01,200000,,0.0,9580.24,EUR,KR,Vendor expense,USR005,USR002
593,DOC00297,2026-08-27,DE01,110000,CC200,4910.89,0.0,EUR,DR,Customer sale,USR002,USR006
594,DOC00297,2026-08-27,DE01,400000,CC200,0.0,4910.89,EUR,DR,Customer sale,USR002,USR006
595,DOC00298,2026-01-12,DE01,650000,CC300,9030.95,0.0,EUR,KR,Vendor expense,USR004,USR005
596,DOC00298,2026-01-12,DE01,200000,,0.0,9030.95,EUR,KR,Vendor expense,USR004,USR005
597,DOC00299,2026-08-20,DE01,620000,CC500,23176.56,0.0,EUR,KR,Vendor expense,USR005,USR006
598,DOC00299,2026-08-20,DE01,200000,,0.0,23176.56,EUR,KR,Vendor expense,USR005,USR006
599,DOC00300,2026-04-09,DE01,110000,CC200,14241.56,0.0,EUR,DR,Customer sale,USR003,USR002
600,DOC00300,2026-04-09,DE01,400000,CC200,0.0,14241.56,EUR,DR,Customer sale,USR003,USR002
601,DOC00301,2026-05-08,DE01,640000,CC300,8085.82,0.0,EUR,KR,Vendor expense,USR004,USR006
602,DOC00301,2026-05-08,DE01,200000,,0.0,8085.82,EUR,KR,Vendor expense,USR004,USR006
603,DOC00302,2026-02-04,DE01,620000,CC600,4234.96,0.0,EUR,KR,Vendor expense,USR004,USR005
604,DOC00302,2026-02-04,DE01,200000,,0.0,4234.96,EUR,KR,Vendor expense,USR004,USR005
605,DOC00303,2026-10-12,DE01,110000,CC200,18912.93,0.0,EUR,DR,Customer sale,USR004,USR003
606,DOC00303,2026-10-12,DE01,400000,CC200,0.0,18912.93,EUR,DR,Customer sale,USR004,USR003
607,DOC00304,2026-12-21,DE01,640000,CC500,14975.12,0.0,EUR,KR,Vendor expense,USR006,USR001
608,DOC00304,2026-12-21,DE01,200000,,0.0,14975.12,EUR,KR,Vendor expense,USR006,USR001
609,DOC00305,2026-12-12,DE01,640000,,9872.87,0.0,EUR,KR,Vendor expense,USR001,USR006
610,DOC00305,2026-12-12,DE01,200000,,0.0,9872.87,EUR,KR,Vendor expense,USR001,USR006
611,DOC00306,2026-08-14,DE01,620000,CC400,17042.43,0.0,EUR,KR,Vendor expense,USR001,USR006
612,DOC00306,2026-08-14,DE01,200000,,0.0,17042.43,EUR,KR,Vendor expense,USR001,USR006
613,DOC00307,2026-09-29,DE01,620000,CC200,21318.42,0.0,EUR,KR,Vendor expense,USR002,USR004
614,DOC00307,2026-09-29,DE01,200000,,0.0,21318.42,EUR,KR,Vendor expense,USR002,USR004
615,DOC00308,2026-07-27,DE01,660000,CC600,8334.83,0.0,EUR,KR,Vendor expense,USR005,USR006
616,DOC00308,2026-07-27,DE01,200000,,0.0,8334.83,EUR,KR,Vendor expense,USR005,USR006
617,DOC00309,2026-07-26,DE01,650000,CC300,6831.51,0.0,EUR,KR,Vendor expense,USR005,USR001
618,DOC00309,2026-07-26,DE01,200000,,0.0,6831.51,EUR,KR,Vendor expense,USR005,USR001
619,DOC00310,2026-03-20,DE01,110000,CC200,24138.86,0.0,EUR,DR,Customer sale,USR004,USR001
620,DOC00310,2026-03-20,DE01,400000,CC200,0.0,24138.86,EUR,DR,Customer sale,USR004,USR001
621,DOC00311,2026-11-07,DE01,500000,,14897.39,0.0,EUR,KR,Vendor expense,USR002,USR006
622,DOC00311,2026-11-07,DE01,200000,,0.0,14897.39,EUR,KR,Vendor expense,USR002,USR006
623,DOC00312,2026-02-06,DE01,110000,CC200,20292.98,0.0,EUR,DR,Customer sale,USR004,USR003
624,DOC00312,2026-02-06,DE01,400000,CC200,0.0,20292.98,EUR,DR,Customer sale,USR004,USR003
625,DOC00313,2026-07-26,DE01,620000,CC600,15219.56,0.0,EUR,KR,Vendor expense,USR006,USR003
626,DOC00313,2026-07-26,DE01,200000,,0.0,15219.56,EUR,KR,Vendor expense,USR006,USR003
627,DOC00314,2026-02-16,DE01,650000,CC600,19889.29,0.0,EUR,KR,Vendor expense,USR001,USR003
628,DOC00314,2026-02-16,DE01,200000,,0.0,19889.29,EUR,KR,Vendor expense,USR001,USR003
629,DOC00315,2026-04-21,DE01,640000,CC600,21870.92,0.0,EUR,KR,Vendor expense,USR001,USR002
630,DOC00315,2026-04-21,DE01,200000,,0.0,21870.92,EUR,KR,Vendor expense,USR001,USR002
631,DOC00316,2026-06-08,DE01,650000,CC500,4168.45,0.0,EUR,KR,Vendor expense,USR005,USR004
632,DOC00316,2026-06-08,DE01,200000,,0.0,4168.45,EUR,KR,Vendor expense,USR005,USR004
633,DOC00317,2026-08-14,DE01,640000,CC600,1098.37,0.0,EUR,KR,Vendor expense,USR004,USR003
634,DOC00317,2026-08-14,DE01,200000,,0.0,1098.37,EUR,KR,Vendor expense,USR004,USR003
635,DOC00318,2026-06-13,DE01,640000,CC300,4793.01,0.0,EUR,KR,Vendor expense,USR001,USR004
636,DOC00318,2026-06-13,DE01,200000,,0.0,4793.01,EUR,KR,Vendor expense,USR001,USR004
637,DOC00319,2026-12-12,DE01,660000,CC300,10184.35,0.0,EUR,KR,Vendor expense,USR002,USR006
638,DOC00319,2026-12-12,DE01,200000,,0.0,10184.35,EUR,KR,Vendor expense,USR002,USR006
639,DOC00320,2026-08-01,DE01,500000,CC400,21798.09,0.0,EUR,KR,Vendor expense,USR004,USR006
640,DOC00320,2026-08-01,DE01,200000,,0.0,21798.09,EUR,KR,Vendor expense,USR004,USR006
641,DOC00321,2026-06-07,DE01,110000,CC200,993.88,0.0,EUR,DR,Customer sale,USR002,USR004
642,DOC00321,2026-06-07,DE01,400000,CC200,0.0,993.88,EUR,DR,Customer sale,USR002,USR004
643,DOC00322,2026-12-29,DE01,110000,CC200,1105.94,0.0,EUR,DR,Customer sale,USR002,USR005
644,DOC00322,2026-12-29,DE01,400000,CC200,0.0,1105.94,EUR,DR,Customer sale,USR002,USR005
645,DOC00323,2026-04-21,DE01,660000,CC500,1223.36,0.0,EUR,KR,Vendor expense,USR002,USR006
646,DOC00323,2026-04-21,DE01,200000,,0.0,1223.36,EUR,KR,Vendor expense,USR002,USR006
647,DOC00324,2026-04-14,DE01,500000,CC100,20884.22,0.0,EUR,KR,Vendor expense,USR001,USR006
648,DOC00324,2026-04-14,DE01,200000,,0.0,20884.22,EUR,KR,Vendor expense,USR001,USR006
649,DOC00325,2026-12-01,DE01,620000,CC500,14229.46,0.0,EUR,KR,Vendor expense,USR005,USR002
650,DOC00325,2026-12-01,DE01,200000,,0.0,14229.46,EUR,KR,Vendor expense,USR005,USR002
651,DOC00326,2026-03-04,DE01,610000,CC200,7835.29,0.0,EUR,KR,Vendor expense,USR006,USR004
652,DOC00326,2026-03-04,DE01,200000,,0.0,7835.29,EUR,KR,Vendor expense,USR006,USR004
653,DOC00327,2026-12-18,DE01,110000,CC200,2447.72,0.0,EUR,DR,Customer sale,USR005,USR006
654,DOC00327,2026-12-18,DE01,400000,CC200,0.0,2447.72,EUR,DR,Customer sale,USR005,USR006
655,DOC00328,2026-09-16,DE01,660000,CC300,24399.85,0.0,EUR,KR,Vendor expense,USR004,USR006
656,DOC00328,2026-09-16,DE01,200000,,0.0,24399.85,EUR,KR,Vendor expense,USR004,USR006
657,DOC00329,2026-12-03,DE01,110000,CC200,13687.32,0.0,EUR,DR,Customer sale,USR005,USR002
658,DOC00329,2026-12-03,DE01,400000,CC200,0.0,13687.32,EUR,DR,Customer sale,USR005,USR002
659,DOC00330,2026-03-20,DE01,660000,CC300,17650.47,0.0,EUR,KR,Vendor expense,USR006,USR004
660,DOC00330,2026-03-20,DE01,200000,,0.0,17650.47,EUR,KR,Vendor expense,USR006,USR004
661,DOC00331,2026-05-22,DE01,500000,CC100,9103.82,0.0,EUR,KR,Vendor expense,USR002,USR003
662,DOC00331,2026-05-22,DE01,200000,,0.0,9103.82,EUR,KR,Vendor expense,USR002,USR003
663,DOC00332,2026-07-27,DE01,500000,CC600,11207.22,0.0,EUR,KR,Vendor expense,USR005,USR001
664,DOC00332,2026-07-27,DE01,200000,,0.0,11207.22,EUR,KR,Vendor expense,USR005,USR001
665,DOC00333,2026-01-13,DE01,660000,CC200,4022.33,0.0,EUR,KR,Vendor expense,USR006,USR002
666,DOC00333,2026-01-13,DE01,200000,,0.0,4022.33,EUR,KR,Vendor expense,USR006,USR002
667,DOC00334,2026-05-20,DE01,640000,CC600,23410.81,0.0,EUR,KR,Vendor expense,USR004,USR006
668,DOC00334,2026-05-20,DE01,200000,,0.0,23410.81,EUR,KR,Vendor expense,USR004,USR006
669,DOC00335,2026-01-18,DE01,610000,CC100,3924.69,0.0,EUR,KR,Vendor expense,USR006,USR001
670,DOC00335,2026-01-18,DE01,200000,,0.0,3924.69,EUR,KR,Vendor expense,USR006,USR001
671,DOC00336,2026-05-13,DE01,640000,CC400,13476.75,0.0,EUR,KR,Vendor expense,USR006,USR004
672,DOC00336,2026-05-13,DE01,200000,,0.0,13476.75,EUR,KR,Vendor expense,USR006,USR004
673,DOC00337,2026-10-20,DE01,660000,CC400,15482.94,0.0,EUR,KR,Vendor expense,USR004,USR006
674,DOC00337,2026-10-20,DE01,200000,,0.0,15482.94,EUR,KR,Vendor expense,USR004,USR006
675,DOC00338,2026-02-10,DE01,110000,CC200,5725.63,0.0,EUR,DR,Customer sale,USR001,USR004
676,DOC00338,2026-02-10,DE01,400000,CC200,0.0,5725.63,EUR,DR,Customer sale,USR001,USR004
677,DOC00339,2026-11-07,DE01,640000,CC400,19292.25,0.0,EUR,KR,Vendor expense,USR003,USR001
678,DOC00339,2026-11-07,DE01,200000,,0.0,19292.25,EUR,KR,Vendor expense,USR003,USR001
679,DOC00340,2026-04-28,DE01,620000,CC100,16364.48,0.0,EUR,KR,Vendor expense,USR002,USR005
680,DOC00340,2026-04-28,DE01,200000,,0.0,16364.48,EUR,KR,Vendor expense,USR002,USR005
681,DOC00341,2026-10-08,DE01,650000,CC600,4304.94,0.0,EUR,KR,Vendor expense,USR005,USR004
682,DOC00341,2026-10-08,DE01,200000,,0.0,4304.94,EUR,KR,Vendor expense,USR005,USR004
683,DOC00342,2026-02-09,DE01,640000,CC100,12491.43,0.0,EUR,KR,Vendor expense,USR004,USR003
684,DOC00342,2026-02-09,DE01,200000,,0.0,12491.43,EUR,KR,Vendor expense,USR004,USR003
685,DOC00343,2026-04-12,DE01,660000,CC300,12208.39,0.0,EUR,KR,Vendor expense,USR006,USR003
686,DOC00343,2026-04-12,DE01,200000,,0.0,12208.39,EUR,KR,Vendor expense,USR006,USR003
687,DOC00344,2026-01-25,DE01,640000,CC500,14864.62,0.0,EUR,KR,Vendor expense,USR002,USR003
688,DOC00344,2026-01-25,DE01,200000,,0.0,14864.62,EUR,KR,Vendor expense,USR002,USR003
689,DOC00345,2026-08-07,DE01,650000,CC600,11778.23,0.0,EUR,KR,Vendor expense,USR006,USR003
690,DOC00345,2026-08-07,DE01,200000,,0.0,11778.23,EUR,KR,Vendor expense,USR006,USR003
691,DOC00346,2026-01-23,DE01,650000,CC500,20573.12,0.0,EUR,KR,Vendor expense,USR005,USR004
692,DOC00346,2026-01-23,DE01,200000,,0.0,20573.12,EUR,KR,Vendor expense,USR005,USR004
693,DOC00347,2026-06-16,DE01,620000,CC400,21420.1,0.0,EUR,KR,Vendor expense,USR004,USR005
694,DOC00347,2026-06-16,DE01,200000,,0.0,21420.1,EUR,KR,Vendor expense,USR004,USR005
695,DOC00348,2026-08-30,DE01,620000,CC500,16829.17,0.0,EUR,KR,Vendor expense,USR006,USR005
696,DOC00348,2026-08-30,DE01,200000,,0.0,16829.17,EUR,KR,Vendor expense,USR006,USR005
697,DOC00349,2026-08-18,DE01,640000,CC500,12693.48,0.0,EUR,KR,Vendor expense,USR005,USR001
698,DOC00349,2026-08-18,DE01,200000,,0.0,12693.48,EUR,KR,Vendor expense,USR005,USR001
699,DOC00350,2026-03-20,DE01,610000,CC300,18655.58,0.0,EUR,KR,Vendor expense,USR003,USR001
700,DOC00350,2026-03-20,DE01,200000,,0.0,18655.58,EUR,KR,Vendor expense,USR003,USR001
701,DOC00351,2026-02-11,DE01,500000,CC200,22377.73,0.0,EUR,KR,Vendor expense,USR005,USR004
702,DOC00351,2026-02-11,DE01,200000,,0.0,22377.73,EUR,KR,Vendor expense,USR005,USR004
703,DOC00352,2026-12-15,DE01,610000,CC300,3945.13,0.0,EUR,KR,Vendor expense,USR002,USR001
704,DOC00352,2026-12-15,DE01,200000,,0.0,3945.13,EUR,KR,Vendor expense,USR002,USR001
705,DOC00353,2026-03-11,DE01,650000,CC500,19037.6,0.0,EUR,KR,Vendor expense,USR006,USR001
706,DOC00353,2026-03-11,DE01,200000,,0.0,19037.6,EUR,KR,Vendor expense,USR006,USR001
707,DOC00354,2026-05-11,DE01,610000,CC300,12012.28,0.0,EUR,KR,Vendor expense,USR005,USR001
708,DOC00354,2026-05-11,DE01,200000,,0.0,12012.28,EUR,KR,Vendor expense,USR005,USR001
709,DOC00355,2026-05-20,DE01,620000,CC500,13800.97,0.0,EUR,KR,Vendor expense,USR001,USR006
710,DOC00355,2026-05-20,DE01,200000,,0.0,13800.97,EUR,KR,Vendor expense,USR001,USR006
711,DOC00356,2026-06-25,DE01,650000,CC100,19577.06,0.0,EUR,KR,Vendor expense,USR004,USR005
712,DOC00356,2026-06-25,DE01,200000,,0.0,19577.06,EUR,KR,Vendor expense,USR004,USR005
713,DOC00357,2026-06-10,DE01,610000,CC300,6094.75,0.0,EUR,KR,Vendor expense,USR005,USR002
714,DOC00357,2026-06-10,DE01,200000,,0.0,6094.75,EUR,KR,Vendor expense,USR005,USR002
715,DOC00358,2026-06-20,DE01,650000,CC600,9862.29,0.0,EUR,KR,Vendor expense,USR005,USR002
716,DOC00358,2026-06-20,DE01,200000,,0.0,9862.29,EUR,KR,Vendor expense,USR005,USR002
717,DOC00359,2026-03-08,DE01,660000,CC300,3359.17,0.0,EUR,KR,Vendor expense,USR002,USR001
718,DOC00359,2026-03-08,DE01,200000,,0.0,3359.17,EUR,KR,Vendor expense,USR002,USR001
719,DOC00360,2026-05-15,DE01,660000,CC100,5976.33,0.0,EUR,KR,Vendor expense,USR004,USR005
720,DOC00360,2026-05-15,DE01,200000,,0.0,5976.33,EUR,KR,Vendor expense,USR004,USR005
721,DOC00361,2026-08-18,DE01,620000,CC600,21692.59,0.0,EUR,KR,Vendor expense,USR004,USR005
722,DOC00361,2026-08-18,DE01,200000,,0.0,21692.59,EUR,KR,Vendor expense,USR004,USR005
723,DOC00362,2026-11-21,DE01,620000,CC300,22724.35,0.0,EUR,KR,Vendor expense,USR004,USR005
724,DOC00362,2026-11-21,DE01,200000,,0.0,22724.35,EUR,KR,Vendor expense,USR004,USR005
725,DOC00363,2026-09-17,DE01,620000,CC300,11982.3,0.0,EUR,KR,Vendor expense,USR001,USR004
726,DOC00363,2026-09-17,DE01,200000,,0.0,11982.3,EUR,KR,Vendor expense,USR001,USR004
727,DOC00364,2026-07-27,DE01,999999,CC600,13848.85,0.0,EUR,KR,Vendor expense,USR004,USR006
728,DOC00364,2026-07-27,DE01,200000,,0.0,13848.85,EUR,KR,Vendor expense,USR004,USR006
729,DOC00365,2026-03-13,DE01,110000,CC200,21211.14,0.0,EUR,DR,Customer sale,USR005,USR004
730,DOC00365,2026-03-13,DE01,400000,CC200,0.0,21211.14,EUR,DR,Customer sale,USR005,USR004
731,DOC00366,2026-02-13,DE01,650000,CC300,7927.26,0.0,EUR,KR,Vendor expense,USR006,USR001
732,DOC00366,2026-02-13,DE01,200000,,0.0,7927.26,EUR,KR,Vendor expense,USR006,USR001
733,DOC00367,2026-08-10,DE01,640000,CC600,23476.25,0.0,EUR,KR,Vendor expense,USR003,USR002
734,DOC00367,2026-08-10,DE01,200000,,0.0,23476.25,EUR,KR,Vendor expense,USR003,USR002
735,DOC00368,2026-03-20,DE01,110000,CC200,4960.12,0.0,EUR,DR,Customer sale,USR002,USR005
736,DOC00368,2026-03-20,DE01,400000,CC200,0.0,4960.12,EUR,DR,Customer sale,USR002,USR005
737,DOC00369,2026-10-07,DE01,650000,CC500,20869.61,0.0,EUR,KR,Vendor expense,USR003,USR001
738,DOC00369,2026-10-07,DE01,200000,,0.0,20869.61,EUR,KR,Vendor expense,USR003,USR001
739,DOC00370,2026-03-06,DE01,660000,CC600,20318.51,0.0,EUR,KR,Vendor expense,USR006,USR002
740,DOC00370,2026-03-06,DE01,200000,,0.0,20318.51,EUR,KR,Vendor expense,USR006,USR002
741,DOC00371,2026-04-20,DE01,620000,CC200,20380.4,0.0,EUR,KR,Vendor expense,USR005,USR003
742,DOC00371,2026-04-20,DE01,200000,,0.0,20380.4,EUR,KR,Vendor expense,USR005,USR003
743,DOC00372,2026-12-19,DE01,620000,CC600,6688.48,0.0,EUR,KR,Vendor expense,USR001,USR004
744,DOC00372,2026-12-19,DE01,200000,,0.0,6688.48,EUR,KR,Vendor expense,USR001,USR004
745,DOC00373,2026-10-11,DE01,110000,CC200,19319.05,0.0,EUR,DR,Customer sale,USR005,USR003
746,DOC00373,2026-10-11,DE01,400000,CC200,0.0,19319.05,EUR,DR,Customer sale,USR005,USR003
747,DOC00374,2026-11-03,DE01,110000,CC200,207.21,0.0,EUR,DR,Customer sale,USR002,USR004
748,DOC00374,2026-11-03,DE01,400000,CC200,0.0,207.21,EUR,DR,Customer sale,USR002,USR004
749,DOC00375,2026-11-19,DE01,110000,CC200,5279.15,0.0,EUR,DR,Customer sale,USR001,USR006
750,DOC00375,2026-11-19,DE01,400000,CC200,0.0,5279.15,EUR,DR,Customer sale,USR001,USR006
751,DOC00376,2026-10-08,DE01,610000,CC500,9941.34,0.0,EUR,KR,Vendor expense,USR001,USR003
752,DOC00376,2026-10-08,DE01,200000,,0.0,9941.34,EUR,KR,Vendor expense,USR001,USR003
753,DOC00377,2026-03-10,DE01,110000,CC200,4967.85,0.0,EUR,DR,Customer sale,USR004,USR003
754,DOC00377,2026-03-10,DE01,400000,CC200,0.0,4967.85,EUR,DR,Customer sale,USR004,USR003
755,DOC00378,2026-06-24,DE01,660000,CC100,16092.09,0.0,EUR,KR,Vendor expense,USR005,USR004
756,DOC00378,2026-06-24,DE01,200000,,0.0,16092.09,EUR,KR,Vendor expense,USR005,USR004
757,DOC00379,2026-08-27,DE01,110000,CC200,23091.34,0.0,EUR,DR,Customer sale,USR003,USR001
758,DOC00379,2026-08-27,DE01,400000,CC200,0.0,23091.34,EUR,DR,Customer sale,USR003,USR001
759,DOC00380,2026-02-01,DE01,610000,CC300,2534.92,0.0,EUR,KR,Vendor expense,USR005,USR003
760,DOC00380,2026-02-01,DE01,200000,,0.0,2534.92,EUR,KR,Vendor expense,USR005,USR003
761,DOC00381,2026-03-09,DE01,110000,CC200,11649.32,0.0,EUR,DR,Customer sale,USR002,USR003
762,DOC00381,2026-03-09,DE01,400000,CC200,0.0,11649.32,EUR,DR,Customer sale,USR002,USR003
763,DOC00382,2026-10-18,DE01,610000,CC400,20087.74,0.0,EUR,KR,Vendor expense,USR004,USR002
764,DOC00382,2026-10-18,DE01,200000,,0.0,20087.74,EUR,KR,Vendor expense,USR004,USR002
765,DOC00383,2026-04-11,DE01,620000,CC300,23600.58,0.0,EUR,KR,Vendor expense,USR001,USR004
766,DOC00383,2026-04-11,DE01,200000,,0.0,23600.58,EUR,KR,Vendor expense,USR001,USR004
767,DOC00384,2026-11-06,DE01,500000,CC100,10039.96,0.0,EUR,KR,Vendor expense,USR002,USR001
768,DOC00384,2026-11-06,DE01,200000,,0.0,10039.96,EUR,KR,Vendor expense,USR002,USR001
769,DOC00385,2026-06-08,DE01,110000,CC200,5352.27,0.0,EUR,DR,Customer sale,USR005,USR002
770,DOC00385,2026-06-08,DE01,400000,CC200,0.0,5352.27,EUR,DR,Customer sale,USR005,USR002
771,DOC00386,2026-04-01,DE01,110000,CC200,5768.76,0.0,EUR,DR,Customer sale,USR006,USR003
772,DOC00386,2026-04-01,DE01,400000,CC200,0.0,5768.76,EUR,DR,Customer sale,USR006,USR003
773,DOC00387,2026-07-17,DE01,500000,CC500,15511.02,0.0,EUR,KR,Vendor expense,USR002,USR004
774,DOC00387,2026-07-17,DE01,200000,,0.0,15511.02,EUR,KR,Vendor expense,USR002,USR004
775,DOC00388,2026-10-13,DE01,110000,CC200,23468.94,0.0,EUR,DR,Customer sale,USR001,USR005
776,DOC00388,2026-10-13,DE01,400000,CC200,0.0,23468.94,EUR,DR,Customer sale,USR001,USR005
777,DOC00389,2026-06-11,DE01,110000,CC200,13233.69,0.0,EUR,DR,Customer sale,USR006,USR004
778,DOC00389,2026-06-11,DE01,400000,CC200,0.0,13233.69,EUR,DR,Customer sale,USR006,USR004
779,DOC00390,2026-10-27,DE01,610000,CC600,7267.59,0.0,EUR,KR,Vendor expense,USR003,USR001
780,DOC00390,2026-10-27,DE01,200000,,0.0,7267.59,EUR,KR,Vendor expense,USR003,USR001
781,DOC00391,2026-09-03,DE01,110000,CC200,14607.84,0.0,EUR,DR,Customer sale,USR004,USR006
782,DOC00391,2026-09-03,DE01,400000,CC200,0.0,14607.84,EUR,DR,Customer sale,USR004,USR006
783,DOC00392,2026-12-17,DE01,110000,CC200,6243.45,0.0,EUR,DR,Customer sale,USR006,USR004
784,DOC00392,2026-12-17,DE01,400000,CC200,0.0,6243.45,EUR,DR,Customer sale,USR006,USR004
785,DOC00393,2026-04-03,DE01,110000,CC200,4794.4,0.0,EUR,DR,Customer sale,USR004,USR002
786,DOC00393,2026-04-03,DE01,400000,CC200,0.0,4794.4,EUR,DR,Customer sale,USR004,USR002
787,DOC00394,2026-01-03,DE01,620000,CC600,22954.71,0.0,EUR,KR,Vendor expense,USR005,USR001
788,DOC00394,2026-01-03,DE01,200000,,0.0,22954.71,EUR,KR,Vendor expense,USR005,USR001
789,DOC00395,2026-08-21,DE01,500000,CC200,11900.93,0.0,EUR,KR,Vendor expense,USR001,USR006
790,DOC00395,2026-08-21,DE01,200000,,0.0,11900.93,EUR,KR,Vendor expense,USR001,USR006
791,DOC00396,2026-08-13,DE01,640000,CC500,7172.88,0.0,EUR,KR,Vendor expense,USR006,USR003
792,DOC00396,2026-08-13,DE01,200000,,0.0,7172.88,EUR,KR,Vendor expense,USR006,USR003
793,DOC00397,2026-12-24,DE01,650000,CC200,22099.89,0.0,EUR,KR,Vendor expense,USR005,USR002
794,DOC00397,2026-12-24,DE01,200000,,0.0,22099.89,EUR,KR,Vendor expense,USR005,USR002
795,DOC00398,2026-03-27,DE01,620000,CC500,16496.17,0.0,EUR,KR,Vendor expense,USR004,USR006
796,DOC00398,2026-03-27,DE01,200000,,0.0,16496.17,EUR,KR,Vendor expense,USR004,USR006
797,DOC00399,2026-03-22,DE01,620000,CC400,17826.75,0.0,EUR,KR,Vendor expense,USR002,USR004
798,DOC00399,2026-03-22,DE01,200000,,0.0,17826.75,EUR,KR,Vendor expense,USR002,USR004
799,DOC00400,2026-06-15,DE01,620000,CC100,21641.0,0.0,EUR,KR,Vendor expense,USR003,USR005
800,DOC00400,2026-06-15,DE01,200000,,0.0,21641.0,EUR,KR,Vendor expense,USR003,USR005
801,DOC00401,2026-12-11,DE01,110000,CC200,1366.93,0.0,EUR,DR,Customer sale,USR003,USR005
802,DOC00401,2026-12-11,DE01,400000,CC200,0.0,1366.93,EUR,DR,Customer sale,USR003,USR005
803,DOC00402,2026-04-05,DE01,610000,CC200,18677.09,0.0,EUR,KR,Vendor expense,USR005,USR006
804,DOC00402,2026-04-05,DE01,200000,,0.0,18677.09,EUR,KR,Vendor expense,USR005,USR006
805,DOC00403,2026-05-30,DE01,620000,CC200,6217.92,0.0,EUR,KR,Vendor expense,USR005,USR004
806,DOC00403,2026-05-30,DE01,200000,,0.0,6217.92,EUR,KR,Vendor expense,USR005,USR004
807,DOC00404,2026-12-16,DE01,650000,CC300,17779.42,0.0,EUR,KR,Vendor expense,USR001,USR005
808,DOC00404,2026-12-16,DE01,200000,,0.0,17779.42,EUR,KR,Vendor expense,USR001,USR005
809,DOC00405,2026-02-07,DE01,500000,CC400,11293.35,0.0,EUR,KR,Vendor expense,USR003,USR001
810,DOC00405,2026-02-07,DE01,200000,,0.0,11293.35,EUR,KR,Vendor expense,USR003,USR001
811,DOC00406,2026-11-21,DE01,640000,CC600,20312.63,0.0,EUR,KR,Vendor expense,USR001,USR003
812,DOC00406,2026-11-21,DE01,200000,,0.0,20312.63,EUR,KR,Vendor expense,USR001,USR003
813,DOC00407,2026-04-07,DE01,650000,CC600,22582.03,0.0,EUR,KR,Vendor expense,USR006,USR004
814,DOC00407,2026-04-07,DE01,200000,,0.0,22582.03,EUR,KR,Vendor expense,USR006,USR004
815,DOC00408,2026-03-03,DE01,500000,CC200,5373.13,0.0,EUR,KR,Vendor expense,USR001,USR002
816,DOC00408,2026-03-03,DE01,200000,,0.0,5373.13,EUR,KR,Vendor expense,USR001,USR002
817,DOC00409,2026-01-23,DE01,110000,CC200,1944.04,0.0,EUR,DR,Customer sale,USR006,USR001
818,DOC00409,2026-01-23,DE01,400000,CC200,0.0,1944.04,EUR,DR,Customer sale,USR006,USR001
819,DOC00410,2026-09-26,DE01,110000,CC200,19382.99,0.0,EUR,DR,Customer sale,USR004,USR001
820,DOC00410,2026-09-26,DE01,400000,CC200,0.0,19382.99,EUR,DR,Customer sale,USR004,USR001
821,DOC00411,2026-04-23,DE01,650000,,13100.91,0.0,EUR,KR,Vendor expense,USR004,USR006
822,DOC00411,2026-04-23,DE01,200000,,0.0,13100.91,EUR,KR,Vendor expense,USR004,USR006
823,DOC00412,2026-05-07,DE01,650000,CC300,11744.55,0.0,EUR,KR,Vendor expense,USR001,USR002
824,DOC00412,2026-05-07,DE01,200000,,0.0,11744.55,EUR,KR,Vendor expense,USR001,USR002
825,DOC00413,2026-06-04,DE01,660000,CC600,6234.17,0.0,EUR,KR,Vendor expense,USR001,USR005
826,DOC00413,2026-06-04,DE01,200000,,0.0,6234.17,EUR,KR,Vendor expense,USR001,USR005
827,DOC00414,2026-09-08,DE01,650000,CC600,21424.6,0.0,EUR,KR,Vendor expense,USR006,USR001
828,DOC00414,2026-09-08,DE01,200000,,0.0,21424.6,EUR,KR,Vendor expense,USR006,USR001
829,DOC00415,2026-10-02,DE01,660000,CC600,17253.65,0.0,EUR,KR,Vendor expense,USR002,USR005
830,DOC00415,2026-10-02,DE01,200000,,0.0,17253.65,EUR,KR,Vendor expense,USR002,USR005
831,DOC00416,2026-07-27,DE01,640000,CC200,7316.87,0.0,EUR,KR,Vendor expense,USR003,USR004
832,DOC00416,2026-07-27,DE01,200000,,0.0,7316.87,EUR,KR,Vendor expense,USR003,USR004
833,DOC00417,2026-02-26,DE01,110000,CC200,3463.49,0.0,EUR,DR,Customer sale,USR004,USR002
834,DOC00417,2026-02-26,DE01,400000,CC200,0.0,3463.49,EUR,DR,Customer sale,USR004,USR002
835,DOC00418,2026-07-24,DE01,620000,CC300,1944.36,0.0,EUR,KR,Vendor expense,USR005,USR004
836,DOC00418,2026-07-24,DE01,200000,,0.0,1944.36,EUR,KR,Vendor expense,USR005,USR004
837,DOC00419,2026-02-01,DE01,650000,CC500,5636.96,0.0,EUR,KR,Vendor expense,USR002,USR004
838,DOC00419,2026-02-01,DE01,200000,,0.0,5636.96,EUR,KR,Vendor expense,USR002,USR004
839,DOC00420,2026-11-05,DE01,640000,CC500,13690.38,0.0,EUR,KR,Vendor expense,USR005,USR001
840,DOC00420,2026-11-05,DE01,200000,,0.0,13690.38,EUR,KR,Vendor expense,USR005,USR001
841,DOC00421,2026-07-02,DE01,620000,CC600,15531.01,0.0,EUR,KR,Vendor expense,USR005,USR005
842,DOC00421,2026-07-02,DE01,200000,,0.0,15531.01,EUR,KR,Vendor expense,USR005,USR005
843,DOC00422,2026-08-23,DE01,650000,CC100,18464.13,0.0,EUR,KR,Vendor expense,USR004,USR001
844,DOC00422,2026-08-23,DE01,200000,,0.0,18464.13,EUR,KR,Vendor expense,USR004,USR001
845,DOC00423,2026-06-25,DE01,110000,CC200,23049.96,0.0,EUR,DR,Customer sale,USR003,USR004
846,DOC00423,2026-06-25,DE01,400000,CC200,0.0,23049.96,EUR,DR,Customer sale,USR003,USR004
847,DOC00424,2026-06-20,DE01,999999,CC300,11319.35,0.0,EUR,KR,Vendor expense,USR004,USR001
848,DOC00424,2026-06-20,DE01,200000,,0.0,11319.35,EUR,KR,Vendor expense,USR004,USR001
849,DOC00425,2026-08-03,DE01,110000,CC200,10855.45,0.0,EUR,DR,Customer sale,USR001,USR003
850,DOC00425,2026-08-03,DE01,400000,CC200,0.0,10855.45,EUR,DR,Customer sale,USR001,USR003
851,DOC00426,2026-09-16,DE01,110000,CC200,14292.57,0.0,EUR,DR,Customer sale,USR001,USR006
852,DOC00426,2026-09-16,DE01,400000,CC200,0.0,14292.57,EUR,DR,Customer sale,USR001,USR006
853,DOC00427,2026-12-19,DE01,610000,CC200,15703.32,0.0,EUR,KR,Vendor expense,USR002,USR001
854,DOC00427,2026-12-19,DE01,200000,,0.0,15703.32,EUR,KR,Vendor expense,USR002,USR001
855,DOC00428,2026-05-31,DE01,660000,CC200,19015.11,0.0,EUR,KR,Vendor expense,USR001,USR003
856,DOC00428,2026-05-31,DE01,200000,,0.0,19015.11,EUR,KR,Vendor expense,USR001,USR003
857,DOC00429,2026-02-27,DE01,650000,CC600,21258.28,0.0,EUR,KR,Vendor expense,USR005,USR002
858,DOC00429,2026-02-27,DE01,200000,,0.0,21258.28,EUR,KR,Vendor expense,USR005,USR002
859,DOC00430,2026-04-15,DE01,110000,CC200,6335.78,0.0,EUR,DR,Customer sale,USR005,USR002
860,DOC00430,2026-04-15,DE01,400000,CC200,0.0,6335.78,EUR,DR,Customer sale,USR005,USR002
861,DOC00431,2026-08-01,DE01,110000,CC200,24757.92,0.0,EUR,DR,Customer sale,USR001,USR004
862,DOC00431,2026-08-01,DE01,400000,CC200,0.0,24757.92,EUR,DR,Customer sale,USR001,USR004
863,DOC00432,2026-08-22,DE01,110000,CC200,23330.04,0.0,EUR,DR,Customer sale,USR002,USR003
864,DOC00432,2026-08-22,DE01,400000,CC200,0.0,23330.04,EUR,DR,Customer sale,USR002,USR003
865,DOC00433,2026-07-12,DE01,110000,CC200,7649.73,0.0,EUR,DR,Customer sale,USR006,USR003
866,DOC00433,2026-07-12,DE01,400000,CC200,0.0,7649.73,EUR,DR,Customer sale,USR006,USR003
867,DOC00434,2026-12-26,DE01,610000,CC600,22662.06,0.0,EUR,KR,Vendor expense,USR004,USR005
868,DOC00434,2026-12-26,DE01,200000,,0.0,22662.06,EUR,KR,Vendor expense,USR004,USR005
869,DOC00435,2026-08-21,DE01,620000,,14063.36,0.0,EUR,KR,Vendor expense,USR004,USR001
870,DOC00435,2026-08-21,DE01,200000,,0.0,14063.36,EUR,KR,Vendor expense,USR004,USR001
871,DOC00436,2026-05-30,DE01,610000,CC300,18754.44,0.0,EUR,KR,Vendor expense,USR005,USR002
872,DOC00436,2026-05-30,DE01,200000,,0.0,18754.44,EUR,KR,Vendor expense,USR005,USR002
873,DOC00437,2026-06-06,DE01,500000,CC300,21277.97,0.0,EUR,KR,Vendor expense,USR002,USR006
874,DOC00437,2026-06-06,DE01,200000,,0.0,21277.97,EUR,KR,Vendor expense,USR002,USR006
875,DOC00438,2026-10-05,DE01,610000,CC600,13894.13,0.0,EUR,KR,Vendor expense,USR002,USR001
876,DOC00438,2026-10-05,DE01,200000,,0.0,13894.13,EUR,KR,Vendor expense,USR002,USR001
877,DOC00439,2026-04-04,DE01,660000,CC100,6948.27,0.0,EUR,KR,Vendor expense,USR004,USR005
878,DOC00439,2026-04-04,DE01,200000,,0.0,6948.27,EUR,KR,Vendor expense,USR004,USR005
879,DOC00440,2026-08-01,DE01,500000,CC100,640.91,0.0,EUR,KR,Vendor expense,USR001,USR006
880,DOC00440,2026-08-01,DE01,200000,,0.0,640.91,EUR,KR,Vendor expense,USR001,USR006
881,DOC00441,2026-03-25,DE01,110000,CC200,11127.0,0.0,EUR,DR,Customer sale,USR003,USR002
882,DOC00441,2026-03-25,DE01,400000,CC200,0.0,11127.0,EUR,DR,Customer sale,USR003,USR002
883,DOC00442,2026-08-17,DE01,110000,CC200,374.32,0.0,EUR,DR,Customer sale,USR006,USR003
884,DOC00442,2026-08-17,DE01,400000,CC200,0.0,374.32,EUR,DR,Customer sale,USR006,USR003
885,DOC00443,2026-05-04,DE01,110000,CC200,3835.99,0.0,EUR,DR,Customer sale,USR004,USR006
886,DOC00443,2026-05-04,DE01,400000,CC200,0.0,3835.99,EUR,DR,Customer sale,USR004,USR006
887,DOC00444,2026-02-21,DE01,640000,CC600,15025.73,0.0,EUR,KR,Vendor expense,USR005,USR006
888,DOC00444,2026-02-21,DE01,200000,,0.0,15025.73,EUR,KR,Vendor expense,USR005,USR006
889,DOC00445,2026-04-20,DE01,610000,CC500,11983.1,0.0,EUR,KR,Vendor expense,USR005,USR002
890,DOC00445,2026-04-20,DE01,200000,,0.0,11983.1,EUR,KR,Vendor expense,USR005,USR002
891,DOC00446,2026-02-08,DE01,640000,CC100,17814.09,0.0,EUR,KR,Vendor expense,USR003,USR002
892,DOC00446,2026-02-08,DE01,200000,,0.0,17814.09,EUR,KR,Vendor expense,USR003,USR002
893,DOC00447,2026-08-24,DE01,110000,CC200,15299.06,0.0,EUR,DR,Customer sale,USR004,USR005
894,DOC00447,2026-08-24,DE01,400000,CC200,0.0,15299.06,EUR,DR,Customer sale,USR004,USR005
895,DOC00448,2026-10-23,DE01,640000,CC400,2659.66,0.0,EUR,KR,Vendor expense,USR006,USR003
896,DOC00448,2026-10-23,DE01,200000,,0.0,2659.66,EUR,KR,Vendor expense,USR006,USR003
897,DOC00449,2026-03-07,DE01,500000,CC300,5667.4,0.0,EUR,KR,Vendor expense,USR001,USR004
898,DOC00449,2026-03-07,DE01,200000,,0.0,5667.4,EUR,KR,Vendor expense,USR001,USR004
899,DOC00450,2026-03-06,DE01,110000,CC200,20627.95,0.0,EUR,DR,Customer sale,USR004,USR006
900,DOC00450,2026-03-06,DE01,400000,CC200,0.0,20627.95,EUR,DR,Customer sale,USR004,USR006
901,DOC00451,2026-03-15,DE01,660000,CC400,544.74,0.0,EUR,KR,Vendor expense,USR002,USR006
902,DOC00451,2026-03-15,DE01,200000,,0.0,544.74,EUR,KR,Vendor expense,USR002,USR006
903,DOC00452,2026-11-15,DE01,110000,CC200,24258.02,0.0,EUR,DR,Customer sale,USR005,USR001
904,DOC00452,2026-11-15,DE01,400000,CC200,0.0,24258.02,EUR,DR,Customer sale,USR005,USR001
905,DOC00453,2026-03-11,DE01,660000,CC600,2046.09,0.0,EUR,KR,Vendor expense,USR004,USR001
906,DOC00453,2026-03-11,DE01,200000,,0.0,2046.09,EUR,KR,Vendor expense,USR004,USR001
907,DOC00454,2026-08-13,DE01,110000,CC200,10489.61,0.0,EUR,DR,Customer sale,USR004,USR003
908,DOC00454,2026-08-13,DE01,400000,CC200,0.0,10489.61,EUR,DR,Customer sale,USR004,USR003
909,DOC00455,2026-02-26,DE01,660000,CC200,1967.93,0.0,EUR,KR,Vendor expense,USR005,USR004
910,DOC00455,2026-02-26,DE01,200000,,0.0,1967.93,EUR,KR,Vendor expense,USR005,USR004
911,DOC00456,2026-09-21,DE01,110000,CC200,7874.14,0.0,EUR,DR,Customer sale,USR004,USR006
912,DOC00456,2026-09-21,DE01,400000,CC200,0.0,7874.14,EUR,DR,Customer sale,USR004,USR006
913,DOC00457,2026-01-09,DE01,640000,CC200,4452.7,0.0,EUR,KR,Vendor expense,USR003,USR002
914,DOC00457,2026-01-09,DE01,200000,,0.0,4452.7,EUR,KR,Vendor expense,USR003,USR002
915,DOC00458,2026-12-11,DE01,660000,CC600,18380.24,0.0,EUR,KR,Vendor expense,USR001,USR003
916,DOC00458,2026-12-11,DE01,200000,,0.0,18380.24,EUR,KR,Vendor expense,USR001,USR003
917,DOC00459,2026-03-14,DE01,110000,CC200,6118.32,0.0,EUR,DR,Customer sale,USR006,USR003
918,DOC00459,2026-03-14,DE01,400000,CC200,0.0,6118.32,EUR,DR,Customer sale,USR006,USR003
919,DOC00460,2026-02-15,DE01,620000,CC600,17353.87,0.0,EUR,KR,Vendor expense,USR002,USR005
920,DOC00460,2026-02-15,DE01,200000,,0.0,17353.87,EUR,KR,Vendor expense,USR002,USR005
921,DOC00461,2026-02-02,DE01,500000,CC200,16887.46,0.0,EUR,KR,Vendor expense,USR006,USR002
922,DOC00461,2026-02-02,DE01,200000,,0.0,16887.46,EUR,KR,Vendor expense,USR006,USR002
923,DOC00462,2026-10-03,DE01,110000,CC200,7199.55,0.0,EUR,DR,Customer sale,USR005,USR003
924,DOC00462,2026-10-03,DE01,400000,CC200,0.0,7199.55,EUR,DR,Customer sale,USR005,USR003
925,DOC00463,2026-09-24,DE01,999999,CC200,21084.03,0.0,EUR,DR,Customer sale,USR004,USR001
926,DOC00463,2026-09-24,DE01,400000,CC200,0.0,21084.03,EUR,DR,Customer sale,USR004,USR001
927,DOC00464,2026-04-02,DE01,610000,CC600,2985.88,0.0,EUR,KR,Vendor expense,USR004,USR002
928,DOC00464,2026-04-02,DE01,200000,,0.0,2985.88,EUR,KR,Vendor expense,USR004,USR002
929,DOC00465,2026-02-21,DE01,500000,CC100,3901.98,0.0,EUR,KR,Vendor expense,USR002,USR005
930,DOC00465,2026-02-21,DE01,200000,,0.0,3901.98,EUR,KR,Vendor expense,USR002,USR005
931,DOC00466,2026-06-15,DE01,610000,CC300,11082.83,0.0,EUR,KR,Vendor expense,USR001,USR005
932,DOC00466,2026-06-15,DE01,200000,,0.0,11082.83,EUR,KR,Vendor expense,USR001,USR005
933,DOC00467,2026-04-13,DE01,110000,CC200,897.89,0.0,EUR,DR,Customer sale,USR005,USR004
934,DOC00467,2026-04-13,DE01,400000,CC200,0.0,897.89,EUR,DR,Customer sale,USR005,USR004
935,DOC00468,2026-05-17,DE01,610000,CC300,2805.81,0.0,EUR,KR,Vendor expense,USR003,USR001
936,DOC00468,2026-05-17,DE01,200000,,0.0,2805.81,EUR,KR,Vendor expense,USR003,USR001
937,DOC00469,2026-04-29,DE01,610000,CC300,20276.53,0.0,EUR,KR,Vendor expense,USR003,USR001
938,DOC00469,2026-04-29,DE01,200000,,0.0,20276.53,EUR,KR,Vendor expense,USR003,USR001
939,DOC00470,2026-08-05,DE01,620000,CC500,643.6,0.0,EUR,KR,Vendor expense,USR004,USR003
940,DOC00470,2026-08-05,DE01,200000,,0.0,643.6,EUR,KR,Vendor expense,USR004,USR003
941,DOC00471,2026-09-27,DE01,660000,CC600,19592.23,0.0,EUR,KR,Vendor expense,USR001,USR006
942,DOC00471,2026-09-27,DE01,200000,,0.0,19592.23,EUR,KR,Vendor expense,USR001,USR006
943,DOC00472,2026-08-08,DE01,650000,CC500,19119.72,0.0,EUR,KR,Vendor expense,USR006,USR002
944,DOC00472,2026-08-08,DE01,200000,,0.0,19119.72,EUR,KR,Vendor expense,USR006,USR002
945,DOC00473,2026-04-09,DE01,660000,CC100,24527.02,0.0,EUR,KR,Vendor expense,USR006,USR004
946,DOC00473,2026-04-09,DE01,200000,,0.0,24527.02,EUR,KR,Vendor expense,USR006,USR004
947,DOC00474,2026-07-19,DE01,660000,CC100,3753.91,0.0,EUR,KR,Vendor expense,USR005,USR002
948,DOC00474,2026-07-19,DE01,200000,,0.0,3753.91,EUR,KR,Vendor expense,USR005,USR002
949,DOC00475,2026-01-29,DE01,500000,CC200,21082.1,0.0,EUR,KR,Vendor expense,USR003,USR004
950,DOC00475,2026-01-29,DE01,200000,,0.0,21082.1,EUR,KR,Vendor expense,USR003,USR004
951,DOC00476,2026-12-23,DE01,110000,CC200,11924.43,0.0,EUR,DR,Customer sale,USR001,USR002
952,DOC00476,2026-12-23,DE01,400000,CC200,0.0,11924.43,EUR,DR,Customer sale,USR001,USR002
953,DOC00477,2026-01-19,DE01,500000,CC100,6718.65,0.0,EUR,KR,Vendor expense,USR005,USR003
954,DOC00477,2026-01-19,DE01,200000,,0.0,6718.65,EUR,KR,Vendor expense,USR005,USR003
955,DOC00478,2026-01-04,DE01,660000,CC600,12610.08,0.0,EUR,KR,Vendor expense,USR006,USR005
956,DOC00478,2026-01-04,DE01,200000,,0.0,12610.08,EUR,KR,Vendor expense,USR006,USR005
957,DOC00479,2026-07-04,DE01,110000,CC200,21502.32,0.0,EUR,DR,Customer sale,USR001,USR004
958,DOC00479,2026-07-04,DE01,400000,CC200,0.0,21502.32,EUR,DR,Customer sale,USR001,USR004
959,DOC00480,2026-04-13,DE01,660000,CC600,9808.25,0.0,EUR,KR,Vendor expense,USR002,USR004
960,DOC00480,2026-04-13,DE01,200000,,0.0,9808.25,EUR,KR,Vendor expense,USR002,USR004
961,DOC00481,2026-09-15,DE01,650000,CC300,873.63,0.0,EUR,KR,Vendor expense,USR002,USR004
962,DOC00481,2026-09-15,DE01,200000,,0.0,873.63,EUR,KR,Vendor expense,USR002,USR004
963,DOC00482,2026-09-06,DE01,610000,CC300,4614.9,0.0,EUR,KR,Vendor expense,USR004,USR005
964,DOC00482,2026-09-06,DE01,200000,,0.0,4614.9,EUR,KR,Vendor expense,USR004,USR005
965,DOC00483,2026-05-27,DE01,500000,CC300,17947.12,0.0,EUR,KR,Vendor expense,USR003,USR004
966,DOC00483,2026-05-27,DE01,200000,,0.0,17947.12,EUR,KR,Vendor expense,USR003,USR004
967,DOC00484,2026-11-08,DE01,660000,CC100,14341.57,0.0,EUR,KR,Vendor expense,USR002,USR003
968,DOC00484,2026-11-08,DE01,200000,,0.0,14341.57,EUR,KR,Vendor expense,USR002,USR003
969,DOC00485,2026-09-28,DE01,650000,CC100,12415.55,0.0,EUR,KR,Vendor expense,USR001,USR004
970,DOC00485,2026-09-28,DE01,200000,,0.0,12415.55,EUR,KR,Vendor expense,USR001,USR004
971,DOC00486,2026-09-30,DE01,660000,CC600,3355.72,0.0,EUR,KR,Vendor expense,USR002,USR006
972,DOC00486,2026-09-30,DE01,200000,,0.0,3355.72,EUR,KR,Vendor expense,USR002,USR006
973,DOC00487,2026-02-25,DE01,640000,CC600,17868.31,0.0,EUR,KR,Vendor expense,USR005,USR004
974,DOC00487,2026-02-25,DE01,200000,,0.0,17868.31,EUR,KR,Vendor expense,USR005,USR004
975,DOC00488,2026-03-01,DE01,610000,CC500,13027.26,0.0,EUR,KR,Vendor expense,USR005,USR003
976,DOC00488,2026-03-01,DE01,200000,,0.0,13027.26,EUR,KR,Vendor expense,USR005,USR003
977,DOC00489,2026-05-07,DE01,660000,CC200,23198.94,0.0,EUR,KR,Vendor expense,USR001,USR005
978,DOC00489,2026-05-07,DE01,200000,,0.0,23198.94,EUR,KR,Vendor expense,USR001,USR005
979,DOC00490,2026-02-09,DE01,500000,CC500,6082.2,0.0,EUR,KR,Vendor expense,USR003,USR002
980,DOC00490,2026-02-09,DE01,200000,,0.0,6082.2,EUR,KR,Vendor expense,USR003,USR002
981,DOC00491,2026-04-10,DE01,620000,CC300,9527.66,0.0,EUR,KR,Vendor expense,USR002,USR004
982,DOC00491,2026-04-10,DE01,200000,,0.0,9527.66,EUR,KR,Vendor expense,USR002,USR004
983,DOC00492,2026-04-30,DE01,110000,CC200,2334.31,0.0,EUR,DR,Customer sale,USR004,USR001
984,DOC00492,2026-04-30,DE01,400000,CC200,0.0,2334.31,EUR,DR,Customer sale,USR004,USR001
985,DOC00493,2026-03-15,DE01,640000,CC100,24771.16,0.0,EUR,KR,Vendor expense,USR003,USR006
986,DOC00493,2026-03-15,DE01,200000,,0.0,24771.16,EUR,KR,Vendor expense,USR003,USR006
987,DOC00494,2026-12-07,DE01,110000,CC200,19371.09,0.0,EUR,DR,Customer sale,USR002,USR001
988,DOC00494,2026-12-07,DE01,400000,CC200,0.0,19371.09,EUR,DR,Customer sale,USR002,USR001
989,DOC00495,2026-06-24,DE01,110000,CC200,10915.3,0.0,EUR,DR,Customer sale,USR006,USR001
990,DOC00495,2026-06-24,DE01,400000,CC200,0.0,10915.3,EUR,DR,Customer sale,USR006,USR001
991,DOC00496,2026-10-06,DE01,110000,CC200,23238.13,0.0,EUR,DR,Customer sale,USR002,USR004
992,DOC00496,2026-10-06,DE01,400000,CC200,0.0,23238.13,EUR,DR,Customer sale,USR002,USR004
993,DOC00497,2026-06-12,DE01,650000,CC400,2422.45,0.0,EUR,KR,Vendor expense,USR005,USR002
994,DOC00497,2026-06-12,DE01,200000,,0.0,2422.45,EUR,KR,Vendor expense,USR005,USR002
995,DOC00498,2026-10-09,DE01,660000,CC400,20000.65,0.0,EUR,KR,Vendor expense,USR005,USR004
996,DOC00498,2026-10-09,DE01,200000,,0.0,20000.65,EUR,KR,Vendor expense,USR005,USR004
997,DOC00499,2026-10-02,DE01,620000,CC100,10413.02,0.0,EUR,KR,Vendor expense,USR002,USR006
998,DOC00499,2026-10-02,DE01,200000,,0.0,10413.02,EUR,KR,Vendor expense,USR002,USR006
999,DOC00500,2026-04-07,DE01,660000,CC100,9879.1,0.0,EUR,KR,Vendor expense,USR006,USR003
1000,DOC00500,2026-04-07,DE01,200000,,0.0,9879.1,EUR,KR,Vendor expense,USR006,USR003
1001,DOC00242_DUP,2026-05-29,DE01,110000,CC200,11057.25,0.0,EUR,DR,Customer sale,USR002,USR001
1002,DOC00242_DUP,2026-05-29,DE01,400000,CC200,0.0,11057.25,EUR,DR,Customer sale,USR002,USR001
1003,DOC00449_DUP,2026-03-07,DE01,500000,CC300,5667.4,0.0,EUR,KR,Vendor expense,USR001,USR004
1004,DOC00449_DUP,2026-03-07,DE01,200000,,0.0,5667.4,EUR,KR,Vendor expense,USR001,USR004
1005,DOC00076_DUP,2026-10-09,DE01,110000,CC200,13432.33,0.0,EUR,DR,Customer sale,USR002,USR006
1006,DOC00076_DUP,2026-10-09,DE01,400000,CC200,0.0,13432.33,EUR,DR,Customer sale,USR002,USR006
1007,DOC00213_DUP,2026-02-08,DE01,620000,CC600,24560.93,0.0,EUR,KR,Vendor expense,USR006,USR002
1008,DOC00213_DUP,2026-02-08,DE01,200000,,0.0,24560.93,EUR,KR,Vendor expense,USR006,USR002
1009,DOC00482_DUP,2026-09-06,DE01,610000,CC300,4614.9,0.0,EUR,KR,Vendor expense,USR004,USR005
1010,DOC00482_DUP,2026-09-06,DE01,200000,,0.0,4614.9,EUR,KR,Vendor expense,USR004,USR005
